protocol,duration,src_bytes,dst_bytes,pkts,conn_rate,failed_logins
icmp,0.4540928345033661,3361,4595,11,2.5261380891175205,0
icmp,0.8519434379064527,2624,2972,10,2.725705360117492,0
tcp,0.757498778433248,3559,2961,8,2.2002711044590995,0
tcp,1.607399524177548,4789,4940,8,2.4503647879111283,0
udp,1.1500964398311226,3590,3623,11,3.710991505699,0
tcp,0.8386592999727362,4175,6091,9,2.26322798487643,0
icmp,0.658766182975054,2713,371,4,2.682369320887632,0
tcp,1.183070817446353,5929,3221,12,2.9465558381795853,0
udp,0.013423101397902482,5412,3136,1,2.3451131161210554,0
tcp,0.43163437569345525,4147,3640,3,3.252707104727935,0
tcp,0.8460631636864517,4688,3989,7,3.0558981296873515,0
icmp,0.26110478570829376,4984,3500,12,2.785544984876438,0
udp,0.41198967494085637,3985,7472,16,2.480699647377961,0
tcp,1.16987244653808,4823,5113,11,2.8666526449324645,0
tcp,0.9068086536591303,3336,3109,1,2.601757559804138,0
udp,0.545158282745607,4689,3417,9,3.2963616132384947,0
tcp,0.5819693833790939,3866,4583,12,2.609278527624224,0
udp,0.8778575947508049,2621,3771,8,2.1261210408191222,0
icmp,0.7024046181035841,4707,3103,11,1.7890057892165685,0
icmp,0.8531310829712074,2612,2922,4,2.4691012907655563,0
tcp,0.4802185439507539,4838,2933,6,1.8663428018345276,0
icmp,0.0,1403,5923,6,3.3454425358097906,0
udp,0.9784084355134104,6870,2184,6,2.768708366591005,0
tcp,1.2115118317620843,4609,3883,8,3.2356166944143396,0
icmp,17.89726251770947,195142,188937,236,27.709134084858956,9
icmp,0.729242429390557,3480,4256,10,2.790160448356431,0
udp,0.8088692583989423,2239,3539,6,3.2993787832960293,0
icmp,0.8421646953774039,4399,4833,4,2.1559778614913285,0
udp,0.8607243379629931,3553,4587,6,2.6748372061754546,0
tcp,0.0847221602203454,3842,4112,4,2.4488312880665677,0
tcp,1.238962059718196,6131,3057,7,2.91878338501225,0
icmp,0.2466550820463005,5998,6206,8,3.4477908558030426,0
tcp,1.1666654523843245,3802,3210,5,1.8464529842996389,0
udp,1.8775468077955861,5259,4933,8,1.2848909675352365,0
udp,0.6447943484380805,2898,4481,10,1.8455316550315022,0
icmp,0.023748776535942984,4011,2707,3,3.069341816053142,0
icmp,19.07729340420557,138948,168163,355,38.73702870267684,4
icmp,1.5790748995290977,4270,5557,9,2.3754121364334297,0
icmp,1.8271154508953749,2847,5611,11,2.0481201992685167,0
icmp,1.157245174217831,3235,5898,12,1.9657410366245376,0
icmp,3.0361379390647816,126114,159587,307,37.50237302429322,13
udp,1.1626676559280986,5758,3484,7,1.8192931490907678,0
tcp,0.9621509501794807,4038,4859,12,2.4010303394867187,0
udp,0.7387255292045755,3193,4949,10,3.211086881229014,0
icmp,1.1940055836299082,4041,3563,7,3.1478122425499566,1
tcp,0.4891184006937424,2682,2827,5,1.6973460068982633,0
tcp,13.429720340086844,58851,2001,306,28.864811049522224,9
icmp,1.1703578310049934,4819,2622,7,2.592204038285914,0
icmp,0.35139758570569174,4698,3438,8,2.7274913913489973,0
tcp,19.273892911063776,70366,173625,237,23.871408105844544,6
udp,12.01890731423865,153364,153280,191,34.78513204570975,11
icmp,1.0413786389083242,3062,2807,9,2.925693542367815,0
icmp,9.781040950708054,193475,149242,307,30.09687741624779,7
tcp,0.931873673244137,4009,2023,6,2.601443888812784,0
tcp,0.8076344699055538,3591,3872,8,2.499312596045228,0
udp,0.0,5926,5003,11,2.1261355792249494,0
udp,1.2500941906184222,4394,4240,8,1.6913163463004341,0
icmp,1.2040027175690668,4110,2405,14,2.942938952228391,0
icmp,10.128948301908881,51280,238099,267,36.413702632604334,9
tcp,0.6983275545885949,5867,4302,6,2.303318782144902,0
icmp,0.8055390962847231,3780,3686,8,1.7472480504559882,0
udp,1.28052681032962,3907,2446,7,2.447151868410386,0
icmp,0.16877641463476079,2391,4710,5,2.808664402052372,0
tcp,0.0,3694,4304,4,3.795732233664423,0
tcp,10.393318439432509,9938,70900,460,28.74963660397058,7
icmp,0.926546736484217,6686,2198,9,1.8204892525763627,0
udp,0.234037357466081,4774,4558,9,2.7970833070129784,0
icmp,1.0516412121788619,4075,3263,7,2.702033647395297,0
udp,1.0250093037411911,4569,2485,10,2.659650201488063,0
tcp,0.4686295181793573,6233,3660,10,3.3473445144085336,0
udp,0.030103517006307645,1795,2950,11,2.0890201373463024,0
icmp,0.6045338367584279,6771,2543,6,2.7017616623229768,0
tcp,0.8182853478819946,4640,549,7,3.7137627340365733,0
udp,1.146110018532189,5270,3910,8,3.3077799568347195,0
tcp,0.0,6725,5036,4,3.182285917750037,0
tcp,0.5990647671673417,4057,5255,9,2.7481822359065124,0
icmp,0.428922202926023,4958,2693,10,2.1797812913479384,0
udp,1.493812511497297,3971,5235,6,3.3911329087547206,0
tcp,0.6774525671484295,2985,3171,5,2.8457458475226236,0
icmp,0.6945299421014873,3998,4383,11,2.122714793624147,0
udp,0.7068281115958656,3927,5496,11,2.798487264146007,0
udp,1.6865986221638885,3727,5616,5,1.864829221937942,0
icmp,0.5666812913613859,3422,5606,5,2.097851396421772,0
icmp,0.3131327881076569,5452,4194,6,3.1844403096990943,0
tcp,1.2047739507567805,5367,6027,8,2.574382855079852,0
tcp,1.7626417128576404,1845,5467,8,1.868560955819662,0
udp,15.09607589402769,95469,37118,335,26.48363812514595,14
udp,0.16593736794978753,3527,2713,2,1.1938085813183696,0
udp,0.5582011323102901,309,3611,10,3.920011528406663,0
icmp,0.3095312484207599,5132,4644,8,3.7343051321126017,0
udp,0.6680471452646891,3720,3989,3,2.7277299895437124,0
icmp,1.3840068237762633,3951,4886,7,3.166390652437274,0
udp,1.376672240290699,3221,1852,7,3.241865967747537,0
udp,1.606457732808122,3911,1945,8,2.6405898121167923,0
icmp,1.0489763905200593,3136,4438,4,1.998538785048229,0
udp,0.2961494006852502,3748,3927,10,2.6657671903190665,0
udp,0.9739038757946311,2184,4087,8,2.4482407431548054,0
udp,0.3257912878192399,5402,4521,9,3.099932187248052,0
udp,0.6804410430168008,6120,3224,7,1.6678178362893217,0
udp,0.5619740592541786,3229,4203,3,2.0127474481869756,0
tcp,0.8042281270253585,2493,1653,8,3.2674556755631556,0
udp,1.510247482033201,3013,4159,4,2.1668470758873437,0
tcp,0.9857973205629595,3908,4206,7,2.283097375720451,0
icmp,0.23235593554112954,5243,1875,15,1.0708267935534042,0
udp,0.3443165602847155,2712,3479,10,3.2370567063567237,0
tcp,1.2822485852086982,3819,2798,15,2.8809814187674996,0
udp,0.9236011301021808,1938,5061,6,4.361879654643932,0
tcp,0.7022256138503145,2861,4527,13,3.4531000535600254,0
icmp,0.5923394396227971,2071,3197,8,1.4760319096979688,0
tcp,0.9513411187792696,2563,3328,5,0.9739392376437306,0
icmp,0.48733429566238423,4743,3655,9,2.659945601840763,0
tcp,1.2510977924270426,6621,3144,7,2.5051220903092135,1
icmp,2.0221545057668813,4049,2921,10,2.602763545047143,0
udp,1.0808357070183103,3541,2312,3,3.164515408657261,0
tcp,0.42721472719686227,6277,4746,5,2.3022837286177986,0
udp,0.4978937080472959,4030,2859,12,1.4942326103125627,0
tcp,1.1880682600512231,2296,2539,7,3.4671505061243173,0
icmp,1.0344557117478712,2790,4497,8,2.381585090529644,0
udp,1.5129945952307264,4172,1734,12,2.1815951095545874,0
icmp,1.0206386860019048,3662,3242,9,2.101123306729603,0
udp,0.44254011831678036,4075,5107,6,2.0886535424178785,0
tcp,0.708773063222222,4666,6061,8,3.56385972547366,0
icmp,0.8232928084721726,3209,1954,13,3.5332409182786133,0
tcp,1.2374724219963567,1864,3116,5,3.8187514938579614,0
icmp,0.7970321200583135,3225,3571,7,2.2433519690345687,0
icmp,0.329192962723616,2894,3846,6,2.9907017250543033,1
icmp,0.5211805886583536,5251,3765,10,3.3009864848920807,0
tcp,1.7288356861783396,3851,4107,10,1.8305923476757722,0
icmp,1.229985112813767,5164,5083,7,2.7233879162985484,0
udp,0.382655212515032,4634,5947,15,3.607602344558326,0
udp,0.9294799512082061,2045,4856,6,2.590032948013605,0
icmp,1.0906947318873745,4973,3169,11,1.4493291932079797,0
tcp,1.008055933817772,6695,5451,5,2.976607745263403,0
icmp,0.0,5889,5187,11,2.471466703999253,0
icmp,0.0,4570,4500,11,2.2683890909818243,0
tcp,0.9491826450786561,6115,4264,8,1.8021823821427991,0
udp,0.9271461063455024,3534,1221,7,2.923238531982166,0
icmp,1.414924679110975,4822,2347,6,2.242799723399564,0
icmp,0.2139231331357936,5428,3843,7,2.2712848753546657,0
tcp,1.10601317348076,4278,4464,6,2.3212539428957766,0
udp,1.3922723746977195,3192,2254,13,2.6075665955930267,0
icmp,0.9281329294185143,5402,6127,9,3.5204438520536963,0
icmp,1.0359466790996978,5535,2905,5,2.097113359783726,0
udp,1.1520235186406842,5129,3695,3,2.482005980182655,0
udp,0.0,3940,4246,14,2.698897920911241,0
icmp,0.3537106007424245,4701,5140,8,1.6375882058220683,0
udp,1.162621312354986,3604,5084,7,2.573871394339334,0
tcp,2.2763596596485454,4465,2596,12,2.302171826208854,0
tcp,0.7260922000083173,6936,3358,12,2.1692796932840777,0
udp,0.3068972503567822,3013,5695,10,3.5110636366162895,0
icmp,0.22558880494130285,3597,4850,5,2.3381021003782525,0
tcp,0.6435773640031286,3702,2325,8,2.205970229113441,0
icmp,0.8606841660331743,3399,4110,9,1.123287088470229,0
tcp,0.05269510101397912,2397,673,11,2.290930113212891,0
icmp,0.5506613979061877,3523,2437,10,2.1536438915912424,0
tcp,1.3552194336341299,6128,3330,8,2.297191097775845,0
icmp,1.1103487943891803,3031,858,14,4.070013957935257,0
icmp,0.811269261732638,4760,2216,7,2.1235734666469686,0
udp,0.22593828888052425,3967,3861,12,3.5958580195604757,0
tcp,0.11761568552371615,3434,3569,8,1.8502198159129244,0
icmp,4.0857574769533365,116676,121859,177,42.3420523899925,10
udp,1.2901468520589259,3058,2940,6,2.172764410508724,0
icmp,0.7232845025703711,2573,3052,9,1.932206660638832,0
tcp,0.6476415457212853,3193,3288,8,2.4588044001178058,0
udp,1.1758274857811424,4679,3947,8,2.232709228815387,0
tcp,1.4105832042268647,4230,1673,4,2.1711855684317,0
tcp,15.201519605612784,100971,186956,253,29.434751788273246,16
tcp,0.09100456695706605,3201,3844,9,2.9235369108191387,0
icmp,1.2807160646826747,4552,4875,5,3.3383617910476224,0
udp,0.9346821635937639,2823,4290,6,2.96259205701915,0
tcp,0.6017677725682689,3474,3067,6,2.2561301853144298,0
tcp,1.0306320483596045,3571,4030,10,2.268329011661347,0
udp,1.387947033239842,5180,3514,12,2.7050063582679473,0
udp,1.7663995001208466,5303,3805,7,2.6283820542140104,0
udp,0.7102353881089221,3680,4560,4,1.9386550705937955,0
icmp,0.7881636824788362,5148,4580,8,2.1573688534644035,0
tcp,16.163428556431413,57492,60682,204,25.906509802604862,8
udp,13.610869269777337,98245,215472,322,34.29732168455486,2
udp,0.5513947037604913,4390,3495,6,2.944585901995543,0
tcp,0.6254308890164768,1132,3695,6,1.2795435468224448,0
udp,0.5674004845801655,3577,2829,10,1.966403352302745,0
tcp,11.823616539520122,117813,163184,266,18.24883726118644,11
udp,0.14581280542535524,4574,2765,11,1.8157093990164541,0
tcp,0.5674355954281807,5551,1020,3,3.182681670794429,0
tcp,0.8191782618028057,3110,4147,5,2.101800446143719,0
icmp,1.0882997458080483,4097,3593,9,1.3484154498042757,0
udp,0.9808369401891688,732,2517,12,2.009549223771059,0
icmp,26.09678400395776,135155,163504,334,17.04316940078779,9
udp,1.2851433468255382,5310,1327,8,1.455871495537949,0
udp,1.0861390874073327,3322,2610,12,2.500535519754764,0
icmp,0.5378147680823027,1632,2869,8,1.8333899435209604,0
tcp,0.0458383840243175,1124,5455,6,1.9359135557442149,0
icmp,0.27985893501111325,3725,4751,5,2.1826577532866085,0
icmp,0.547964554444734,4475,5146,9,2.6813897544500893,0
tcp,0.412124082112198,3259,4204,1,2.912819597870191,0
icmp,1.1959095706902758,3736,5200,2,3.3432211025792453,0
udp,0.3575933855302121,2702,4731,4,3.5074128052100146,0
icmp,0.7663604378085079,3340,2082,8,2.199299799274813,0
tcp,0.531665194675812,6648,3361,7,2.910656536113315,0
icmp,1.23662909076254,4284,3563,8,1.3798139434452008,0
udp,1.331721430608557,5629,4755,4,3.24474303012412,0
icmp,0.847086557272256,3948,2319,7,3.339283513732256,0
tcp,1.2200490413300273,4715,3919,4,2.0451889950951614,0
udp,1.950065480082539,4734,4211,3,2.673671937674352,0
icmp,0.5881482386056933,1524,3654,7,2.491945545936196,0
udp,1.058955072768808,5542,5865,9,3.481254910923296,0
udp,0.6527158258603547,2223,3697,10,2.3402545100798484,0
tcp,12.715787220661937,51542,138354,28,30.785730547746272,5
tcp,0.0,2177,2997,11,2.3635544027855353,0
udp,1.0494688444681184,3546,2389,7,3.324170572993741,0
icmp,0.36771195978169363,3866,3612,9,2.7264395857234636,0
udp,2.117887740872968,152446,126696,312,33.60620306006712,10
tcp,0.18089019775457194,4480,3390,12,3.3621782826705675,0
icmp,1.039430951465876,4722,4519,6,3.2786884334866864,0
icmp,0.533944603927603,3163,3233,12,1.8584422191899823,0
udp,0.0,85186,155835,124,20.35420830827926,6
tcp,0.8921597992942361,2896,3532,11,3.3089765538802647,0
tcp,13.576797096152843,88518,203222,259,4.701481383023946,13
tcp,0.9253373271780763,2539,4011,10,1.6035945195845374,0
udp,0.514871443450287,1751,3448,8,2.365413528367462,0
udp,1.1919495108964546,2652,3681,10,1.9913003500347712,0
udp,1.1748957328244212,4758,4097,7,3.6431904667997674,0
udp,0.9269661122948978,3425,4907,10,3.41503145451457,0
tcp,0.4687829802076094,4010,3301,7,1.7144675324504242,0
tcp,0.9008108994377493,6483,1887,4,3.017028918216174,0
tcp,2.218964490565472,4339,3074,10,2.222303812661841,0
tcp,0.15965960806788426,4213,3455,10,2.4253246559374473,0
udp,0.9505468331007736,2933,5429,9,2.8471479514815696,0
icmp,1.9471077957109406,5991,3966,6,3.2228501122370385,0
icmp,1.805957926996335,4737,4585,9,2.1532231510714324,0
icmp,1.4699692065391048,4796,2223,9,3.4950548344212606,0
udp,0.0,4289,968,7,2.8042559136026464,0
icmp,0.01914122818497077,2963,3349,6,2.820177513722029,0
udp,0.9954205529899887,2680,3348,10,2.0919348867829224,0
udp,0.0,2040,2108,10,3.9089650282766923,0
udp,0.6906239679280932,5972,6575,2,3.7636876391799987,0
icmp,1.1600376565371964,4371,3615,2,1.9526140866355672,0
tcp,0.9453977328669513,3163,2353,9,2.513927543420201,0
tcp,1.3390622505271756,5073,4076,7,2.8576300721434937,0
icmp,0.003572425056181272,3385,4444,4,1.9761607692100474,0
tcp,1.7740975849550842,4456,3281,7,2.3468090626014977,0
icmp,1.8784645186501927,1695,3132,7,2.577735911190431,0
udp,1.4635690234960514,4269,4701,6,2.498691901272754,0
icmp,1.0139002552891703,4190,3930,4,2.2312986224545113,0
udp,0.5702927842761816,3365,4910,2,2.9169081213204593,0
icmp,0.4186424603895411,4824,2045,12,2.4339232757694607,0
udp,0.26254793709571256,3840,3508,8,2.527790375581842,0
tcp,0.5970227817418488,3393,2923,2,3.4650801049758093,0
tcp,0.4466171730585447,3481,3701,7,3.644951006258828,0
icmp,0.5606570446798234,4333,2773,8,2.717052096825992,0
udp,0.7002587660648273,3101,3244,7,2.1298540297053337,0
udp,0.5041018618154297,2556,2740,9,2.6915987276436564,0
udp,0.805813997147586,3159,2200,7,2.7103228155451555,0
tcp,0.12143119192521179,2556,2166,5,2.285579716166781,0
icmp,0.8341482521447688,3474,4110,9,2.744383187923838,1
icmp,0.9803119390512258,4389,4402,7,2.4182818756225806,0
icmp,0.6305448231083024,4835,3805,2,1.0141899329774555,0
icmp,0.8940444762503774,2330,3899,17,2.574757740079865,0
tcp,0.9405234181299865,4357,4047,8,2.925032553315557,0
udp,0.7375404031531944,3459,3257,10,1.3422316238222614,0
icmp,1.1303289920010129,3349,4460,8,1.4969097198169952,0
icmp,0.7573484611571598,3015,1528,4,2.355851319515243,0
icmp,0.4721910368046459,4356,4902,3,2.9891874899855413,0
icmp,0.3837381037065151,5443,5096,9,2.725943062432836,0
icmp,0.0,6341,1247,9,3.643123843087046,0
icmp,0.7027387807685488,6252,3353,6,3.204632282832293,0
tcp,0.7121545057273934,4939,3129,11,2.329728092807977,0
icmp,0.7283103563076843,3022,5612,8,1.6688044771688517,0
tcp,2.116601565598935,4755,1585,7,2.7299517086715803,0
icmp,0.5725883719590096,5691,3926,1,1.516604312539227,0
tcp,0.32320461509463794,3123,4222,5,2.995783906137525,0
udp,2.3504032138366746,4467,5045,6,1.8991450684613858,0
tcp,1.048183501848017,4640,2639,1,1.833235578197141,0
udp,0.47692866771641695,4116,3933,13,3.0375703727402827,0
icmp,1.0630090264195107,4693,5456,8,2.6644284739297937,0
udp,0.8444265110961648,3534,1497,12,2.825489528951283,0
tcp,0.5947984275516984,2289,2917,9,2.533329599234322,0
tcp,5.246705163198463,52934,164473,117,36.064047694619916,7
icmp,0.6479991766286756,3575,3866,5,1.3718552254862053,0
udp,0.0,4805,6137,6,2.0578570811493044,0
tcp,0.19282795565904087,5798,2739,10,3.6699159791522225,0
udp,0.25219910992662464,5872,2510,7,1.6535538375558407,0
icmp,0.21675476662438464,5021,6134,5,1.0611031656259227,0
icmp,0.9152243422443676,3982,2651,5,1.6917842009993018,0
udp,0.5715884281321616,3145,2585,3,3.545722336308714,0
udp,1.2945309721723843,3131,3597,7,4.287808571657248,1
tcp,1.1506706835619174,5627,4597,4,3.169774953626084,0
icmp,0.9259765850522619,4051,2744,5,1.5460389718677554,0
udp,14.726553163292309,182978,146774,177,31.04281354589355,13
icmp,0.0,3598,4599,6,2.5535971398294737,0
tcp,0.8316438004248737,5303,4480,6,2.140308358062864,0
icmp,0.46331633365494257,2831,3466,8,1.5661580702257227,0
icmp,0.4788041603823138,3512,3179,5,2.3689738416085815,0
tcp,0.9969005253986815,5037,3596,9,3.2951951392384062,0
icmp,1.005345174359401,3388,4794,5,2.557397982774661,0
icmp,0.5023182049510101,3812,2617,8,2.0730434183232855,0
tcp,1.3678742185423478,2504,4130,6,2.620878321241913,0
tcp,1.615979781600648,1416,3947,8,2.7233593220703014,0
tcp,0.782390734080943,4721,3482,6,4.183580013733174,0
tcp,0.777133159205571,3415,3711,12,2.9629861732638485,0
icmp,0.9644579912441419,4982,5325,2,2.9330089666480754,0
tcp,1.2319630979971652,3595,4192,8,2.078826721593116,0
udp,0.7459986655940294,4495,2864,7,2.460956973425793,0
icmp,0.48127648608645823,4182,5235,5,2.333150051580479,0
udp,0.0,3944,4195,8,3.5833289710189433,0
tcp,0.8683207733765187,3921,2957,9,2.641197661381346,0
tcp,8.120681780368095,156919,238838,269,30.103552246765783,15
udp,0.5244764701110267,3737,3574,3,2.314805330989419,0
udp,0.9012534475476298,4620,3812,5,2.8220386026564146,0
tcp,1.190262148317149,5367,2506,8,2.7649923720252634,0
udp,0.01579241959193467,3791,3141,14,2.298958942805146,0
udp,1.1711703653678212,3712,4621,5,3.181152868323906,0
tcp,0.03664260664786034,3879,2902,7,3.0289006307438093,0
udp,0.9916372675052687,3623,4786,8,1.828579808808271,0
tcp,0.9229579570901725,3912,5037,11,2.0348377793011716,0
icmp,1.0143198734250176,1941,1801,11,3.817623614550472,0
udp,0.5886978308528058,3847,4594,6,3.807352649695944,0
udp,0.6424570914694478,2415,3545,8,0.891943038889925,0
icmp,1.5597132818710295,4683,5431,5,2.535191366923276,0
icmp,1.0453497572377908,2890,4127,13,2.3257223495232804,0
udp,0.4820065458268098,2579,4296,16,1.760296885674494,0
tcp,0.1749879054936565,2532,4370,4,2.3785643333359654,0
icmp,1.0696885643513587,4722,3555,3,3.2681371475289245,0
udp,0.21670472529878515,3171,2850,17,1.2102598722422448,0
icmp,0.07730006730704175,5149,4485,9,2.9989084101034353,0
udp,23.34483787878706,184448,140342,303,21.00580706563322,2
udp,0.7452120977252957,3036,3895,9,3.565941810823117,0
icmp,1.1531333510409985,5840,4116,6,2.5942196625380474,0
icmp,1.5653376112718937,3273,3998,9,1.639352912429978,0
tcp,1.2571766018760364,192459,130038,213,16.961077995722867,8
icmp,0.0,5487,2814,9,1.5406060246486848,0
udp,1.1771436991996098,3483,4228,6,2.6705281981592046,0
icmp,1.211395675112231,4719,3092,11,3.1983234088847343,0
icmp,0.5646633739862704,2734,3945,4,1.5406190942632234,0
tcp,0.6845881264794499,5143,5799,8,3.143710935892007,0
icmp,0.5459257753937141,3181,2137,8,1.9982767746196082,0
udp,1.0651269425309757,4232,3841,13,2.5950328170692125,0
tcp,0.46934577867165106,4997,2942,9,2.574211419589049,0
tcp,0.7971624468605104,5469,6356,3,2.3546012452420766,0
icmp,0.5090094209257994,6051,4849,8,3.097307364201142,0
udp,1.3650964554970462,6172,5329,11,1.3830691303823908,0
icmp,0.2927924149409934,2844,4070,10,2.2166045785429804,0
tcp,1.3595679943324739,4270,3537,4,2.809769588260336,0
icmp,0.5053518342357057,5176,2585,10,2.4593546326450797,0
udp,0.8417950212474994,4254,2919,7,2.7296048552353547,0
icmp,1.0386305440858896,5092,3812,9,3.7329875782459836,0
udp,0.7809202400574741,6971,3771,8,1.8299975762568221,0
udp,0.31029709774245967,3853,5088,5,1.7162786015546132,0
tcp,0.46410529365203146,3664,4185,17,2.1520578906276073,0
icmp,1.7295123851478946,4144,4048,6,2.5840258962232303,0
udp,19.87973163713997,181054,190028,180,17.09468059861951,6
icmp,0.489412681254955,5526,6104,6,2.5192512708436037,0
icmp,16.663191284163325,129029,36227,203,3.785581264460788,8
udp,0.8958544056421471,4198,4693,9,2.170234908102781,0
tcp,0.31743931756798444,3397,1457,5,2.173061601506328,0
icmp,12.31582629790454,98657,19092,235,31.302759880781117,8
tcp,1.2775243584085147,1913,5815,11,3.6706382168185847,0
icmp,1.2980004674130639,4930,4043,10,2.6861222960295374,0
udp,20.879354268495618,70728,137737,460,3.301308824575493,9
icmp,0.3169724490772364,4960,3791,9,3.278511006505049,0
tcp,1.3933642035549267,3592,4606,7,1.5511644272939364,0
icmp,6.944923460264982,109856,146280,286,32.87509361384178,9
tcp,0.208593111100155,3905,4624,8,2.2609145536157356,0
icmp,0.8210637193414327,3042,2802,11,2.1599179155502615,0
udp,0.0,4040,3740,11,1.7253254240956795,0
tcp,0.16889911025083892,6862,2495,9,2.739990428039558,0
udp,0.5657019837833542,2579,5112,10,3.867376809261394,0
icmp,23.13713639844314,73861,156638,233,52.638563292906866,7
icmp,0.8785710730535776,2783,6185,9,3.2686080673412525,0
udp,0.08669342374338651,4439,4792,9,3.862550880193685,0
icmp,1.6470923767050765,3368,4106,4,2.263540224041435,0
tcp,0.4220628844616885,3468,2430,6,3.367603748242551,0
icmp,0.3131018033559038,2388,3659,6,2.0826489943695594,0
tcp,16.653673274973052,8423,3958,261,14.102802035365631,10
icmp,0.31206212099784,5038,3857,9,1.266058029377494,0
icmp,0.5077595446187233,4244,4717,11,1.9218604537403343,0
icmp,0.0,3650,3642,10,2.0085668557407645,0
icmp,0.8088561418314971,3675,3905,5,2.2027357076652456,0
udp,0.4511130481541451,4795,4209,12,3.2815280139656178,0
icmp,0.986119977938468,4455,2536,8,2.873962601327706,0
udp,1.4519290521968946,5259,4301,8,2.790085575283052,0
tcp,0.18881709566406701,2780,3379,11,2.941540164938318,0
udp,1.0978653370182516,4106,2559,3,3.1009001339284135,0
udp,0.9901600543403919,3728,4794,10,2.6480125044724763,0
icmp,0.7869161086118227,2953,4538,5,2.4320127973202808,0
udp,1.254023662760979,3729,2538,7,1.8048193627003535,0
udp,0.2925702943526609,2621,3169,7,2.6140905960013145,0
tcp,1.1662341959756077,5763,2779,1,2.4204036233703126,0
udp,0.9033903118675898,4343,2091,7,3.182357128666685,0
tcp,1.5685107133594467,5116,3609,8,2.556031467342697,0
tcp,0.8789733087633251,3865,3725,3,2.3518594786438984,0
tcp,0.7683959662897305,4276,6155,8,3.7363320494684795,1
udp,0.6010452063471382,4361,4163,9,3.2417234488003843,0
udp,0.9503674745874845,4911,1844,7,3.461490944831,0
icmp,0.4348657784046252,3835,3512,5,3.867647482830338,0
udp,0.7566420428830677,2042,4514,6,2.818233069956175,0
udp,1.3857078208642746,3604,3178,4,2.3963016370961263,0
udp,0.7843509425055883,3546,3515,4,2.832730161253203,0
udp,0.047878662681035355,2788,3720,8,2.4413546967408104,0
tcp,1.1098075846507605,3247,4141,9,2.569713135949149,0
icmp,13.42213338531015,140677,242778,348,24.538371217036456,8
icmp,1.0958080752243458,5224,2382,5,2.2603002398994034,0
udp,0.15957366576456433,3888,4678,4,2.172509586994121,0
udp,0.3621537743566116,3162,5165,7,1.6053864694334519,0
udp,0.3341397104119954,4469,2466,9,1.5954369980386756,0
udp,0.29807260891162435,3222,2847,11,2.2855147013330224,0
udp,0.5534542301432857,2982,1270,8,2.5451650806156185,0
udp,0.3769625818523128,3097,4312,7,2.1999758290567826,0
udp,0.7667170323879712,4752,6097,5,1.7632680827115985,0
tcp,0.5264217504464206,5508,5014,13,2.73176478488785,0
udp,0.8884718248330055,5654,4775,5,2.263135238842296,0
tcp,0.7980685388537174,1888,5273,3,2.192815377172897,0
tcp,0.7728126295422891,4543,3721,11,1.5419058234752137,0
icmp,0.6141016950763528,2868,3441,9,3.8368651171027572,0
icmp,0.6262498122559836,4388,2102,9,1.8658361170158058,0
tcp,0.8599552220274883,4643,3706,5,2.346035511470615,0
icmp,0.5975019637755751,3949,3609,11,2.8600701100964834,0
icmp,1.771629581786763,3816,2904,2,1.1298507010710257,0
udp,0.3240265874602863,1571,5994,8,2.9472649264643245,0
tcp,0.5703263988593539,3399,4148,5,2.4900764104978586,0
udp,0.7137650638511381,3138,5598,5,2.841280872651804,0
tcp,1.1429183535184795,7502,4009,4,2.558488866280253,0
tcp,0.6426003364580196,4181,4981,7,2.6374134095281674,0
udp,0.21510993989148908,6699,2101,6,3.2730910078060407,0
tcp,1.3599039115158222,5217,4726,8,4.308155646571991,0
tcp,0.3358494504287734,1709,3904,6,2.2693356152596578,0
udp,1.314486492562192,4211,4549,7,3.2961990942764476,0
tcp,0.7639343590145278,4814,2956,5,2.622684097330662,0
icmp,0.821110464802378,4021,5294,8,1.9838978145185444,0
udp,1.1850897927298445,4049,5139,8,2.150339549333358,0
tcp,0.8351026763579997,4673,2886,5,2.4646174637135356,0
udp,0.0,5218,4612,11,3.4688934788033996,0
udp,1.4032263227708528,4349,4900,8,2.9454064521403382,0
tcp,0.6008945111478476,4775,3325,17,2.5574129882771817,0
udp,1.632081333160397,2813,5762,6,1.7166267205713466,0
tcp,1.6502135986486746,5236,3311,5,3.0800989061931965,0
tcp,1.1832938692177994,1823,6021,5,3.145246419148197,0
tcp,0.9696193762488862,4435,2180,6,2.5144197778643704,0
udp,0.7966890319966674,6782,3430,8,2.547436603772253,0
icmp,0.9042614929747634,1449,3382,2,2.755069661940223,0
icmp,1.2611798154700897,3451,4759,6,3.088137489843716,0
tcp,0.7407084613938174,5494,4124,8,2.548229540624571,0
icmp,0.6019625223604517,4874,4279,5,4.359675581545826,0
icmp,1.1366988378702088,2986,5617,5,3.620760843558366,0
icmp,1.2335674384738091,3806,4931,13,1.9917421176218275,0
tcp,0.58312280924831,5228,5410,9,2.5029499686727226,0
udp,0.4470809967369693,3691,3582,7,2.7155327074283826,0
tcp,1.3195847927181825,5229,3203,7,1.5531167371078731,0
udp,0.8159865674900393,2184,5246,5,2.9018916517840205,0
udp,1.284217658287979,3347,3361,7,2.3460416066358456,0
icmp,0.6318548436039377,3766,3062,4,2.618989575833755,0
tcp,10.255807961563173,166815,365716,322,17.871220908256156,10
tcp,0.27265892214610665,2686,3735,1,2.060580490490584,0
udp,0.7576387152463468,2974,4410,2,2.539328111732962,0
udp,0.10498900000976463,5999,4723,4,1.9753161102177696,0
icmp,0.39431124833589937,3710,2541,3,1.7839138600724453,0
icmp,0.9807316139198343,5668,3508,6,3.0420813254737538,0
tcp,1.8450510491298682,4411,4785,9,2.7412764335226476,0
tcp,1.7844028053498717,3461,4662,10,2.969510417819616,0
tcp,11.070251357920926,170724,102709,194,22.839820415738323,16
udp,1.1920849678848449,4502,3210,9,3.1000307707056436,0
tcp,0.7799625257592984,4693,2239,10,2.6273331921359784,0
tcp,0.852899435064615,5008,4112,12,2.0793070828481803,0
tcp,0.10915096467124896,3892,3304,5,1.5665182441834917,0
tcp,0.0,2820,1378,9,2.6659027310236167,0
icmp,0.7125619251738062,5215,3583,5,2.8982423118937906,0
icmp,0.7638815662339022,3505,3677,7,2.519235440483251,0
icmp,0.33700444359228987,1525,5263,3,2.386962962923793,0
tcp,19.164018004495297,98373,49350,384,28.610686699603555,9
tcp,1.1909592326284473,4349,3471,6,1.8452834856078475,0
udp,0.19899914305636857,3290,3957,10,1.778484003256286,0
tcp,1.277083271427372,2017,5638,1,2.8442536752314047,0
icmp,0.42301566236925037,4289,3170,8,2.3830076380605263,0
tcp,0.7374042908907628,4112,5013,8,2.571883334183451,0
tcp,0.5209862688383633,5351,3095,7,1.3738793975338828,0
icmp,0.3520370805774412,4011,1598,10,4.008545022563562,0
tcp,0.486861900240386,5905,4313,11,1.6298220948342845,0
udp,1.2051656898979355,3132,3948,12,3.0757080187040136,0
udp,0.7470843099046379,3814,3878,12,3.8192139661675037,0
tcp,0.8701261227685217,2968,3535,5,3.0386366327829206,0
tcp,1.7178248878920657,5444,2908,6,1.844530496579654,0
tcp,0.032052210046259466,3413,2724,4,2.4174754470601663,0
udp,0.13561674123248135,4295,2897,1,2.755524354348788,0
icmp,5.321419612669389,126417,262194,253,28.28010406833064,8
tcp,0.6992516626460474,4349,3563,5,2.4025628492558346,0
udp,0.6464088765105958,4187,2793,8,2.369426164290096,0
udp,0.8845539941720088,4598,5183,7,1.7296962027413243,0
icmp,0.5043068062027676,4020,2488,10,1.7547453969366642,0
icmp,0.47610503583490854,3385,4019,6,1.927726988553414,0
udp,0.2090463747098672,4897,5714,13,1.6064143602607444,0
udp,0.0921886580122957,3969,4442,1,2.6512718218205937,0
udp,1.0662292763481231,4609,3828,11,2.953933203295763,0
icmp,1.2303352826353282,3203,5574,7,3.2139456567344777,0
udp,1.402977275084874,5083,5118,6,2.6536071669151102,0
udp,0.97585570064147,4052,3756,12,1.8188505442417406,0
icmp,0.4395508365757142,4671,5694,15,2.668778414868767,0
icmp,0.46140294510582186,3499,6158,5,2.3562732921668115,0
tcp,1.5306105187469425,3726,3558,6,2.0037585671969875,0
udp,0.7933964783396107,4714,4196,4,3.0984178468017465,0
udp,0.1512957171681829,3952,3022,5,2.0523476093997752,0
udp,0.7195953938577113,2413,4530,8,2.2102272092601827,0
udp,1.7690632264361694,4554,4167,9,1.2558358029370895,0
tcp,0.29902502817000975,4193,3959,11,3.2928040496686215,0
udp,1.184095815338785,5062,2211,7,3.482028880718568,0
udp,0.3925151736043306,4766,4002,9,1.6393671105405174,1
udp,0.32870694213836293,3691,2390,6,1.3147242635223428,0
tcp,10.062910381369734,72888,170171,257,34.64182522500038,4
icmp,1.0793686972347207,2963,6243,7,2.7441085903619915,0
icmp,1.1717242160632129,2370,4306,10,1.9294420988317795,0
icmp,0.0,2190,3951,1,2.383348404324435,0
icmp,1.2973914517905918,5010,3128,3,2.9365186024928516,0
tcp,0.0,4279,4202,8,2.6992555214554335,0
udp,1.0817062755648248,1710,5408,4,2.432449570923558,0
tcp,0.3646980564345517,2529,4751,7,2.2254966960047127,0
tcp,0.8505382407182165,2495,6889,11,2.735616433613368,0
icmp,0.5408039825623763,5378,2169,11,3.0567982220984833,0
tcp,0.7799636088455826,3502,4793,9,2.366578128821771,0
icmp,1.2236063627703486,2948,4827,4,4.120678572495726,0
tcp,4.823864453803779,49634,180566,207,34.41423380773191,13
icmp,1.2129027931998677,4444,3391,4,2.919934711036951,0
udp,0.7726171206292352,3311,4284,14,2.2461948923220927,0
udp,0.47241580826009255,2028,3985,16,2.5405917977772865,0
tcp,0.6251413917727104,3074,2653,2,1.4276232092202343,0
icmp,1.207802251903103,3527,4575,10,2.8044797133101196,0
icmp,0.9489631847831876,1228,3124,13,3.4177922098540368,0
tcp,0.8193866670225719,3418,4709,2,3.338296628735129,0
udp,1.4311166574983794,4444,4777,7,2.0971439507389285,0
icmp,0.2335381541585798,3086,2539,6,2.919373087058426,0
udp,0.22875180614505164,2022,5615,3,2.819280598033397,0
icmp,0.057722118159433955,6262,3257,5,1.9083683437713348,0
udp,0.7240257410800657,2861,4275,4,1.6756001502845632,0
udp,1.0865287864323165,4253,3865,6,2.136686064235802,0
icmp,0.5156552563225812,1957,4117,10,1.8982189209660976,0
tcp,1.017041601778843,6110,4124,6,2.7011712760451303,0
udp,1.1685984712402624,1602,3388,10,1.0513749074785141,0
icmp,8.703833044391876,132354,234391,275,15.083210004952297,7
udp,0.0,2189,4687,7,1.7483611176193956,0
udp,1.3245283803171821,2497,2386,7,3.898016605720847,0
udp,0.16899055413970177,5633,3535,8,3.6702648740344657,0
icmp,1.711674092586195,2889,4133,3,2.391201964290704,0
icmp,0.6009429333833975,5257,4963,12,2.282954920206681,0
icmp,2.0012237304977685,4382,3198,7,1.588991877472699,0
icmp,0.8563748866089403,4427,2304,9,3.1490223638154147,0
tcp,0.6827174588219558,4475,3927,5,4.324242248118244,0
icmp,0.6053999536506046,3307,4835,9,1.8601478636327513,0
udp,0.12128959626408164,4602,4486,8,4.068475074866505,0
icmp,0.3400223036705089,3364,4412,2,3.641662406135527,0
tcp,0.5503107114820852,4427,3649,7,3.128523767351506,0
tcp,0.03140283725073212,3879,4416,10,2.3914520727244435,0
tcp,0.2775554313116787,4433,3822,2,3.0766280175044747,0
tcp,0.8961139869904046,4240,4260,6,2.103069009123701,0
udp,1.00271460662363,4532,4599,6,3.034197093435591,0
tcp,1.145595621703206,4812,4920,9,2.4472064461894156,0
tcp,1.9476939971669514,4391,1718,4,3.407509452191862,0
tcp,0.5298632515824525,2927,3568,2,4.007212714634392,0
tcp,1.251791930524145,3303,2216,9,2.7242339772960285,0
icmp,1.5270547007648063,4066,4016,14,1.9121138693611401,0
udp,1.2400342445422239,5143,3456,10,2.4387173683063845,0
udp,0.9248673991050891,4911,5198,6,1.7973723196581175,0
tcp,0.022620876041717475,4048,1720,1,3.160818502341026,0
icmp,0.6945837714658014,3897,4651,7,2.449778341359668,0
icmp,1.8355434874984287,73495,148408,241,36.001104516889626,14
udp,0.3011593160446811,5293,4053,6,1.8266407852958462,0
udp,1.248480662402067,4041,4640,9,2.3371288165958304,0
tcp,6.783367764143424,82138,168137,241,16.91901976670332,10
icmp,0.5511997108792058,5838,5380,5,1.4348901738365172,0
udp,0.5233791862302886,4359,3164,8,2.230524197613134,0
icmp,6.280683122166291,96242,129066,298,27.012986925874543,10
udp,15.647357131512218,174560,223116,180,41.16396398273097,9
udp,0.3204174222961652,2164,3908,6,3.046132976162152,0
tcp,0.9765247483845927,1692,4955,4,3.1019371969782377,0
tcp,0.0,5018,4254,12,2.3070323495655973,0
tcp,1.4642700023544963,4339,2279,9,3.4194168548963066,0
tcp,0.20302607275430629,3759,2338,6,3.1795151379970386,0
udp,1.044425079916559,4165,4608,3,3.88228378437696,0
icmp,1.1841084691210668,4084,3978,10,3.148347160132651,0
udp,0.3690068760001216,1311,4131,5,2.448824857837078,0
icmp,0.47479648850955847,3079,5533,11,2.8637255890057745,0
tcp,0.21667754068746103,4139,4468,10,1.6695201055264235,0
tcp,0.38663920634892734,2185,4589,7,2.605510980485413,0
icmp,0.7215161258012017,3203,3279,12,1.338485726268501,0
tcp,1.6033557646924632,4197,1702,7,2.507077305990202,0
udp,10.57437877137682,116345,199875,252,11.627288447353205,7
tcp,0.5626332129250843,3445,5178,6,1.8361068983320856,0
udp,14.755165182025213,125688,154606,200,22.95838192648494,5
udp,0.47367456500666455,5112,5076,9,2.085077019449142,0
udp,1.1119764310433375,1723,4243,13,1.7574181274967084,0
icmp,0.5137991040353054,4374,2140,9,3.5681923301888308,0
icmp,0.4720638292863929,3980,3814,11,3.2133985181167333,0
tcp,0.7561721709530301,3310,4469,9,3.7101768460234243,0
tcp,0.8410044071253716,2446,3220,6,2.534355566277034,0
udp,1.0774606798571325,6287,2285,4,1.5258556199419386,0
icmp,1.5228839698002405,3655,4268,7,1.654043558315613,0
udp,0.8296569734495248,1878,3635,3,2.429837138197231,0
icmp,1.4001736160466116,3444,3552,10,3.451689977192536,0
tcp,1.2610546001654903,4472,2739,15,2.3711717299670467,0
tcp,0.9838290373179346,6517,5497,9,3.029482475147,0
udp,0.8891142203233442,3846,4989,10,2.862275865155704,0
tcp,1.0565163685381234,3977,4189,10,2.6173163384287115,0
icmp,0.24010935546931367,4742,4402,11,3.0521429575418124,0
tcp,1.042494063673761,3876,2086,13,2.8764701107152515,0
tcp,0.8259875497299287,4231,4244,14,3.066032454595144,0
tcp,0.0,4771,3584,9,2.490547683908181,0
tcp,5.640053614031167,128026,84495,289,30.95184436813694,12
icmp,0.3556080186296399,4806,1651,4,2.368005869431459,0
tcp,1.5211745610655436,4649,3414,6,1.9452645780117213,0
icmp,0.6715567777066294,4132,4618,5,2.8757974411588383,0
icmp,1.4870970790630413,5362,1924,7,3.0070403279306337,0
udp,1.388218568056359,5316,4104,2,2.495722354661258,0
udp,1.3691921652504135,3085,2893,13,2.3058512748727495,0
udp,0.9235077716464469,3710,2227,12,3.3306118429166984,0
tcp,1.2961120717138868,4565,3442,12,2.1093281011804415,0
tcp,1.0517551545684596,3905,3006,8,2.8327998370702674,0
tcp,1.7195393705592246,3076,3553,9,3.458372943632662,0
tcp,0.14868111478846135,3741,4020,8,3.232441245894141,0
udp,0.1745675594692122,4045,1601,16,2.5104234638263034,0
udp,1.7458889076887234,4640,3721,10,1.4352106804526366,0
icmp,0.8395439864948835,4701,3888,12,2.371684876108928,0
udp,0.9462599306605866,4440,2080,11,4.420889869652729,0
icmp,0.7019724215269879,4010,4288,12,3.943237835494271,0
icmp,1.4559069737984962,2822,3455,10,1.8953259775447528,0
tcp,0.5476331899183153,2914,2450,8,1.7547247640846462,0
icmp,0.833647690210998,3343,4141,7,2.230850875504056,0
icmp,0.4638378193227532,5654,2688,9,2.4978730571848557,0
udp,1.0130236047818113,2335,2999,12,3.332481458515697,0
icmp,0.0,6214,4543,5,2.372956550053574,0
icmp,3.2594040862639897,154481,140099,376,8.90012139566877,9
udp,1.4627400721040564,2583,3338,6,1.4263680098791007,0
tcp,5.356657760438816,55865,110711,287,29.24270541743615,7
udp,1.3154805742322835,3782,5198,9,2.3533171437795586,0
icmp,1.479960499773754,4670,2745,8,2.2537129898840425,0
tcp,0.31721722774994593,3249,5695,5,2.6403889686428323,0
udp,1.63594263075299,4129,3310,11,2.6612184434793615,0
icmp,0.7628286013068201,3603,3344,7,2.5247264766122584,0
tcp,12.627168958602859,123278,134324,176,36.22497079094336,7
icmp,1.0743286710905726,4651,4248,9,3.2767471919318645,0
tcp,1.0255293478385032,4138,6205,11,2.870567799136819,0
tcp,0.26687083653352295,4440,4558,12,2.4495123052427052,0
udp,0.20509137325914562,4718,4094,7,1.1077222597243976,0
udp,0.17175802948869356,4526,2282,6,2.93937434122024,0
udp,0.19947225447039318,4198,2009,5,3.887728146156422,0
tcp,1.2640370286930436,4796,4769,10,3.9501134902209762,0
tcp,18.83785590951898,155557,243601,316,27.826400900290782,12
udp,0.34459863552994285,1972,4568,4,1.7567400095849235,0
tcp,0.891371688198132,4173,3685,6,2.5805572044662752,0
icmp,0.8774995477413172,3765,4025,12,2.1828284903128115,1
udp,1.2526852434301894,4524,3176,9,2.0557016912018655,0
udp,1.0880941626876945,3237,4772,6,3.0595131331012815,0
icmp,0.9721133626289289,5120,6211,7,2.563165752361949,0
tcp,15.948445721220622,101710,200898,327,28.750106776447947,9
tcp,0.8335162439641514,4410,2315,1,2.725098874175818,0
tcp,0.517298732619754,3248,2798,6,2.1139523394034554,0
udp,0.3854412641055518,2892,4500,3,3.758234056038218,0
tcp,0.7761765579869627,4065,4621,5,2.5642822453013343,0
udp,0.6436203729324491,2458,3400,4,2.5063709897694846,0
icmp,1.192384904821859,4317,4536,9,2.617626881762247,0
icmp,0.11280836105098169,2406,4994,8,3.7778156688592492,0
icmp,0.0,3547,5360,5,2.5068951748858734,0
icmp,0.5855958916383965,3387,4215,9,1.8812106918331284,0
tcp,1.0357616928007907,3095,4837,7,2.3555404884344098,0
tcp,7.531529011449158,125196,279453,207,27.256130129586033,5
icmp,0.8383827442861086,4481,3856,10,2.5563069039070165,0
icmp,1.058905119322724,5951,5001,8,2.448343569870197,0
tcp,1.1079257400575928,3619,3065,8,4.0039958410922,0
tcp,1.1669850237563515,4656,5993,13,2.3567812396969336,0
udp,0.004326628049623693,3019,4302,11,2.3767016352035135,0
icmp,0.5155038146188906,1835,4216,10,4.280521314316774,0
udp,0.7247233614399498,5591,2443,10,2.522803149507353,0
icmp,0.7695013457769776,3541,4268,9,3.411489914023534,0
icmp,0.0,2002,3625,14,2.051430608123278,0
udp,0.7404306826416734,4610,2850,8,2.9956711134002383,0
tcp,1.0967651008674189,3663,3738,8,2.6649583623882114,0
tcp,8.601836553228669,161893,116083,315,40.383551930133194,4
tcp,1.1809034656878343,4614,3678,6,2.229438006324502,0
udp,24.02730898446778,94144,192035,229,34.707792283832084,5
icmp,0.8759768042577338,4874,2797,6,2.5716307853177085,0
icmp,0.1508120862750717,4965,4638,5,2.0110083716090608,0
udp,0.5220488216554076,5224,5026,6,3.442309480882045,0
tcp,0.8923158697699028,3298,4464,2,2.207936741162033,0
udp,0.9891758950025291,3648,3343,1,2.9564627194173427,0
tcp,1.6778360186721013,80985,85551,194,35.107035351401066,5
icmp,0.979853301982472,2322,2765,8,2.9534075418159826,0
udp,1.1685609335657499,6443,5080,9,1.559284351064347,0
tcp,8.886694355440653,213732,222207,160,32.024269247445176,10
udp,0.23763873436204552,3570,4687,1,3.4791012189574984,0
udp,0.5660950315096581,4391,4276,11,2.277203856433842,0
icmp,0.0,5353,3255,11,2.264494189042423,0
icmp,0.6661870603697738,3938,2323,8,3.3521843605302104,0
tcp,0.6861247167548692,6261,5425,6,3.164488257815204,0
icmp,0.6840007778967025,2928,2127,7,2.283375680207027,0
icmp,1.0398521066528303,4151,1994,8,3.4627949474968336,0
udp,1.0022579732164598,5796,3762,4,2.660370511187492,0
tcp,20.830356263163942,83371,159052,264,1.4805021042095454,10
tcp,1.3900186467709095,3472,4752,3,3.5454325300511655,0
tcp,0.3975946341686034,1573,4049,9,1.7794331816334275,0
icmp,0.44503108304573225,3988,3015,9,3.4308291088103307,0
tcp,0.24022953841441297,4003,3590,11,2.8869731284275173,0
icmp,1.2153042396353166,3322,4665,13,3.6114779275742155,0
icmp,0.8408930081478458,5083,3059,7,2.363059355444187,0
tcp,0.0,4017,4427,6,1.8658108002117335,0
tcp,16.2377976022238,245062,93396,336,16.398538246897306,1
icmp,0.003205972225983289,2821,5663,7,3.25000162140574,0
udp,1.6614991572986608,6007,5437,5,3.2129815381504807,0
udp,12.379108790210068,109256,132770,328,32.57405732631143,6
tcp,1.4024602584788475,3335,3385,4,2.054701157404869,0
udp,0.8845353158138453,3634,3553,5,2.8641246241981664,0
udp,0.652876777782042,4789,4739,12,2.4330389224440663,0
icmp,0.8786593755680937,5768,4678,8,3.222137211781193,0
icmp,0.5517579737825871,4159,4154,7,2.322656830694386,0
icmp,1.3666458941911053,4100,4425,9,1.587470886096244,0
tcp,0.5268949141513903,5145,3459,5,2.047025991416696,0
udp,0.32335228439333125,3832,1899,10,2.484068112926252,0
tcp,1.1467781526642213,652,3420,10,3.0546877312508296,0
icmp,0.47139571934440083,4141,3885,11,3.372840080821925,0
tcp,0.381997584963139,3505,3158,5,2.051230082898017,0
udp,1.0144302387933841,5261,4179,7,2.6111476472152253,0
icmp,0.20918802642580403,3942,5767,7,3.420244273291984,0
icmp,1.1037255823443173,5104,1687,10,1.2979559668883818,0
udp,0.9713143810942395,1987,3484,2,2.031779192321565,0
udp,0.5172193292744083,5028,5756,10,1.333517742119606,0
udp,0.8753802537577771,4699,2772,1,3.509265836690398,0
udp,0.27456985863720895,69234,196692,297,4.1835136122178085,8
tcp,1.1656316655740362,2172,4551,8,1.7289945920845047,0
tcp,2.4342005998239564,77975,220486,63,22.20036659105266,8
tcp,1.0697154987980972,2768,4531,10,2.619484515410422,0
udp,0.540399384045507,5263,4435,9,3.2647747048209843,0
icmp,0.9060146067905531,3819,2922,8,1.1098454914714604,0
tcp,1.4137883564646863,5321,4927,7,1.5477400234491423,0
udp,0.8312525958358734,2705,3986,8,2.2025573895895647,0
tcp,1.2349044125607564,4543,4251,7,1.6860871028085156,0
tcp,1.6911601882047005,5231,3418,4,0.6875631047754032,0
icmp,1.3895142362286055,5166,3759,1,3.107790316177139,0
udp,1.1056088249600513,5887,4725,7,4.612703384555076,0
tcp,0.07912269147781581,5264,4804,8,1.9365094197033692,0
tcp,0.18197783055379102,3867,4455,4,3.170522566408695,0
icmp,0.08859991462946426,4390,5483,11,3.2692148942148433,0
icmp,0.1802300888261943,2855,3516,8,2.842633334820279,1
tcp,0.7557026781368575,5080,4076,7,2.810671793947028,0
icmp,0.06983606706207801,3180,5087,6,2.623673115758316,0
tcp,1.4318970620894613,3448,5266,5,3.16264987168669,0
tcp,0.43304450446398307,2973,3488,4,0.8287857538882781,0
udp,0.4042927797925218,3307,4307,6,2.92516513868346,0
udp,0.6605123401237671,3969,3687,11,1.3559623589007634,0
udp,0.29923723542650904,4470,2707,1,3.356081293653342,0
icmp,0.8672108880390047,4526,2219,6,3.2767215466352417,0
tcp,1.117567916650227,2360,2278,7,2.856547024168311,0
icmp,1.494124168085294,6546,3303,5,3.4083694098624298,0
tcp,1.4948199461061042,3754,3346,8,3.5251492199193084,1
icmp,1.4046336872556995,4407,4575,12,2.451123506778864,0
tcp,0.5947705769048308,3906,5291,3,2.206691910296657,0
icmp,0.9583386367337026,3248,3866,10,1.5862644186844959,0
tcp,0.18782036871686025,1769,3668,6,3.4524879817900764,0
icmp,0.7773691745643767,3564,4209,1,2.809074581162491,0
udp,0.5052495572044025,5098,3684,5,1.5793780721170303,0
tcp,1.3377693230492924,6835,4432,3,3.491435304019018,0
icmp,0.8037071505200984,3119,1818,7,1.5969755941595012,0
icmp,0.882514445478659,3794,4340,4,3.1555132359774976,0
udp,0.915678641152676,4670,3797,8,3.0258273978990156,0
udp,0.1695406455279851,6034,5355,8,2.282691116744167,0
udp,1.19377959680546,3642,4208,3,2.4533567018179574,0
tcp,2.102537868807928,4590,5455,2,1.9167464618620387,0
icmp,16.41333974746371,82548,108135,68,33.142202439232335,4
udp,1.0601097778416915,4314,4122,14,2.393583170082697,0
icmp,1.2176151592027664,4233,4481,9,2.4579155152963765,0
udp,0.0,5262,2276,12,2.8115638986568325,0
icmp,14.704545883111095,122417,141198,281,15.571972239974661,1
icmp,0.4158223310359474,3302,4549,5,3.17905766102911,0
tcp,1.070397624408893,2860,2591,11,2.5091789210892883,0
tcp,1.20092390553393,4212,3273,13,3.6596422174856227,0
tcp,1.2642219261100576,3300,4374,8,2.852065939552631,0
icmp,1.0087068446966327,2012,5209,9,2.637582642239609,0
tcp,0.7317187267361839,2199,4122,6,3.4940067749301544,0
udp,0.504803497447943,4383,4985,4,2.6075191353922755,0
tcp,1.5354567232904528,469,4127,2,2.8959617030325244,0
tcp,0.8869447500822489,3279,3464,10,3.5199852381711967,0
icmp,0.22861091716451643,3265,2519,7,2.079170339308327,0
tcp,0.625087504915012,3933,4841,9,3.0477316521153144,0
tcp,0.2122354195802748,5772,2619,10,2.3771462767275215,0
udp,1.4834282694419343,6772,3564,6,3.1275403604648924,0
tcp,0.11398902436197167,5546,4829,15,3.1803657211531853,0
udp,0.8352707677261676,3796,4490,7,3.166614972519761,0
tcp,0.44702508957413434,3917,4134,10,2.535507125124978,0
icmp,0.4954253984036307,3579,4299,6,2.514064876456367,0
tcp,1.4527971892041445,5439,2766,2,3.0344140764173866,0
tcp,0.11793009130196008,4511,3399,4,2.1051740908491947,0
udp,1.139945588401686,5631,4505,10,1.5903356949371084,0
udp,1.6611534026891632,2525,4993,12,2.5128556151083226,0
icmp,0.8004224684067444,5579,4826,15,2.5126128224615085,0
icmp,0.2975273958993607,5126,3946,2,3.647945498448406,0
icmp,0.6516391930882703,4700,3708,11,2.2009002344327433,0
udp,0.6226908739658508,2848,4891,1,2.1042496627440253,0
icmp,1.1800856868750513,2651,3989,7,3.797494002224432,0
tcp,0.9688228153734175,3656,2505,4,3.4587934766592596,0
tcp,1.3033795029128332,4244,2845,11,3.681961563923613,0
icmp,0.6332830462062712,3723,1541,10,2.7222127359747925,0
icmp,2.6134916842484794,2959,3962,8,2.8116028888278506,0
tcp,1.3734999940348902,5137,6805,8,1.3907909920294226,0
tcp,0.6338231557996582,2374,3748,3,3.728092797068901,0
icmp,0.517198876695645,3232,4475,9,1.9446588293335094,0
udp,1.5788824988958585,2554,4997,7,3.4722579449762385,0
udp,0.4158938232364433,4149,4260,1,0.5842433325579786,0
icmp,0.7374464645673445,2845,4639,9,2.425439979192846,0
icmp,1.5803875884231975,5044,2316,10,2.2139420570731114,0
udp,1.7883561019947587,5008,3373,12,2.315155304768307,0
icmp,0.29817471032678045,3748,2173,10,1.4577505587314046,0
tcp,0.724175951314189,4623,2993,10,1.7162583818420787,0
udp,1.2685578166450053,2987,2764,9,1.986570184630926,0
icmp,0.40219745196486784,3602,3091,6,2.6424662685533757,0
udp,0.10075207168824973,2920,3703,8,2.0655978272515187,0
tcp,0.9511701921289997,3761,3965,4,2.1390702793724747,0
icmp,1.0998681670377009,4399,4543,4,3.672882821084011,0
udp,1.572163810835562,3745,5596,11,2.4485102642323797,0
udp,0.2756962702918231,2466,3454,8,2.408004502518526,0
tcp,0.8895682413055326,3592,4138,9,2.9882713662006233,0
udp,0.9053860471006656,4444,4934,1,2.011904734530902,0
icmp,1.3008690219983698,3579,4203,12,3.6835183828072555,0
udp,1.3786025818405863,6272,4946,6,3.072908661886284,0
tcp,7.934023045235585,120398,124495,208,21.730439411047243,10
icmp,1.0713246406097663,2641,3150,5,2.1515225128899953,0
tcp,0.7929815420527918,3992,3223,7,3.2072030515681345,0
udp,1.0226948815053545,6356,3820,1,2.441330750247557,0
udp,0.7930357407271723,4952,2404,7,1.447498044205595,0
icmp,0.8464415048047947,2443,3366,7,1.6812849902316498,0
icmp,1.021011339532117,2932,4903,10,0.9385967398535464,0
udp,1.9333911618285644,5550,4539,5,2.5618913378582877,0
icmp,0.5926104989047295,3078,5591,8,2.3026519196454425,0
udp,1.2859910341375993,2348,2935,10,1.8583114765644104,0
udp,0.006568393310517395,4208,2134,7,3.2522048622305655,0
tcp,0.5796212496028786,4699,3609,7,0.8729550067628513,0
tcp,1.2721605205644912,5308,5695,7,2.7751587994763427,0
tcp,1.3141232792774997,4169,6209,6,1.4709809519023163,0
udp,1.6352147660951688,4061,3604,12,2.109207159572276,0
tcp,1.4015906796298339,3255,3528,9,2.443036456860772,0
udp,0.9538811248765283,3830,3497,6,2.356113670492819,0
icmp,1.4631708315803076,2765,5085,6,2.770704189972715,0
tcp,1.0714040166488505,5875,2788,4,1.6720888048335691,0
icmp,1.6453061946323306,3409,4709,4,2.3218720538469118,0
tcp,0.19643080046127115,3107,827,9,2.8771802863598497,0
tcp,0.7082168432077149,1575,2768,11,1.588583683299119,0
icmp,0.10334733591150624,3669,2395,6,3.000845179878313,0
icmp,0.19996889193723855,4710,5373,10,1.008826552980538,0
tcp,0.9017122580323755,4576,2792,11,3.253966271892901,0
tcp,1.2513812465753702,5197,5265,14,0.7313656710278775,0
tcp,0.6539146393151757,4259,3663,11,3.3393954725731785,0
tcp,1.2132187362548625,5752,5044,11,2.184064042183464,0
icmp,1.2304564153035047,4892,3371,8,3.059286699047642,0
udp,1.2541693823457407,3827,3279,6,3.2567053614020205,0
icmp,1.2569603967433696,4646,4017,12,1.8535923110136325,0
icmp,0.8232229959380976,7311,4395,11,1.623738162213878,0
tcp,1.0466455063770999,3955,3160,1,1.5477260220962714,0
udp,0.5717680599019439,3377,3403,13,2.3987019098465017,0
tcp,0.5909912645442668,3107,4226,10,1.9971836971864112,0
udp,0.7819054525897976,3425,4223,8,1.6012764714865555,0
tcp,1.209462339193345,3859,3482,9,1.5506819868063315,0
icmp,15.773397391560215,106777,234961,227,21.261535905059258,12
tcp,0.7376880081732995,4040,3919,6,1.5979591774874797,0
udp,0.0,2171,4363,5,2.4084626986458004,0
tcp,0.6898595681122482,3513,4684,7,4.037319253370207,0
icmp,20.10214743519186,68273,61979,291,28.492950510543626,12
tcp,0.9397037657069469,3618,4414,6,3.910121386694456,0
udp,1.8265291422362755,4051,3918,7,2.8873614681258486,0
tcp,0.9321437804850028,3441,4740,11,3.6192050820214905,0
icmp,0.15927328227205562,4564,2013,9,3.1734261948051725,0
udp,1.363705614515549,3947,3575,2,4.20198860587219,0
tcp,0.3521735317182347,4429,5128,5,2.238589214168133,0
tcp,23.265005075021524,31377,228486,273,42.056379351541295,6
icmp,1.0653682606121884,3286,2778,8,3.1864896379438745,0
udp,1.3042656513166886,3887,2853,10,1.1394050878853046,0
icmp,1.3733531560905998,3144,4971,5,2.0522671099740823,0
tcp,0.6898856600009576,4063,4124,7,3.677166818219874,0
udp,0.374383865731765,3887,2656,2,2.8242067939102276,0
tcp,0.47163277623688193,2990,3980,10,2.783933942667991,0
tcp,1.5754082954939612,4219,5346,11,2.9304256725721523,0
tcp,1.8498214064930336,1876,1949,11,0.7995505468544051,0
icmp,0.10823482236848936,5915,4091,5,2.317563268970684,0
udp,0.15345734864695937,4256,4421,12,2.6490940481503458,0
icmp,1.5774301678918552,2485,5424,8,1.3726199849139344,0
tcp,0.0,4024,3820,9,1.5026005141546288,0
tcp,0.7145508265711916,5732,3034,12,2.793543993837714,0
icmp,0.3336153570529647,3534,5084,5,2.4945020764215013,0
tcp,0.9538678992387376,3107,2941,10,2.269958770786345,0
icmp,0.3019131047689848,2858,4590,2,1.213959375530589,0
udp,14.886081248929827,148371,179664,197,25.36361243758324,10
icmp,1.3146631400581676,3327,3687,5,2.7720845510008143,0
tcp,0.6908921565749703,3312,3855,5,2.3362225884103913,0
udp,1.2129505384739818,4313,3354,11,3.9639854470958578,0
udp,1.1121218658429588,2049,2523,10,2.985610877363062,0
udp,1.5921716186515829,4557,2239,2,2.345209132742271,0
udp,0.7843591375765607,6141,3898,10,2.7378057951350767,0
udp,0.8784579918111394,2804,4090,2,2.4866674020964252,0
udp,1.054406680417506,1971,3973,9,2.4206436379651013,0
icmp,0.9580309658685245,3323,3819,6,2.9541531206979643,0
udp,0.8157027830344658,5696,2453,3,2.2258487380131653,0
udp,1.3578872828098976,5648,3981,11,3.151316930867539,0
udp,0.8148195226034922,1577,4666,3,1.8469609595282221,0
icmp,1.9341909649209132,5653,3267,7,2.805883802589505,0
udp,0.21896091132468454,1248,3638,10,3.0064352121387676,0
tcp,0.814453249097665,3557,4739,10,1.9891173387295877,0
udp,0.018087931823951853,3775,4378,8,1.850249644625439,0
udp,0.648138595997385,4113,2454,1,2.509644812767561,0
tcp,0.8952578219624008,3322,4419,7,2.4900343160805063,0
udp,0.3762898160456305,3370,3596,8,1.6145461224006565,0
icmp,0.32560749391642985,4137,2958,11,3.349931291679451,0
udp,1.0400461606605862,5100,4555,5,1.884930581628951,0
udp,1.7353853053565003,3503,4442,11,2.6015619624451842,0
tcp,0.6111393144937147,3183,2395,11,2.7592396024428387,0
udp,1.0483142132411525,3797,4320,8,3.6173736811399504,0
icmp,0.7968006034823544,5961,4511,2,2.6889433404994847,0
udp,0.5608609750796362,3049,4231,8,2.716042730312027,0
tcp,0.6872008668527971,5994,2135,7,2.184284068854316,0
icmp,0.8890212854708042,5344,3836,2,2.14167911572524,0
udp,1.080598681376758,2653,4991,5,3.3842292927354123,0
udp,1.330615202272271,3049,3390,9,2.2056473941192007,0
udp,0.4400418624008733,1689,4749,5,2.0404953955110066,0
udp,0.9332411310646771,2426,4826,9,3.078154895621829,0
udp,0.3678034266634032,4909,3409,9,2.3619118798433036,0
udp,1.2479305964613268,4892,4008,10,3.450705750211886,0
tcp,0.7883086105023823,4413,4161,6,0.8298162106636693,0
tcp,0.765679620091357,4536,5052,5,3.6691151665683033,0
udp,0.4133177599990681,4501,1827,11,3.1214055810457113,0
tcp,1.17034091812609,1733,4060,4,1.9291056254999381,0
tcp,0.645655525042397,3820,3479,8,2.6540570561155006,0
udp,1.059089243316614,5209,4497,10,2.8239044972936744,0
icmp,0.6187572089693447,4383,4089,7,3.7873109636355675,0
icmp,22.461849270615765,46788,108304,148,32.22009129820309,11
icmp,0.0,3086,4797,11,3.199159481170828,0
tcp,1.340216956855127,5985,3511,8,2.120534300781224,0
tcp,0.9005125986538459,4802,3893,13,2.006308053214096,0
icmp,0.5321944276768645,87,3569,4,2.3131765591505347,1
icmp,0.8355290420453085,1683,2281,4,3.190959061085179,0
udp,0.9850327497518263,3807,4617,7,1.7503837009363994,0
tcp,0.8567736601408659,5302,4036,3,2.413021410316807,0
udp,13.044974696715958,85845,222847,188,27.838213876514768,1
tcp,0.8051461962416253,4052,3567,5,2.189629788761646,0
icmp,0.47930907954587987,2350,3024,8,2.139346862169235,0
icmp,1.490986274719802,4381,1411,8,3.549078659651485,0
icmp,0.2703701676231761,4612,4122,7,2.0833392356653846,0
icmp,0.48347488626326784,3318,6239,7,2.052605352727752,0
udp,1.7748597254105025,5338,4946,8,1.1611812707261415,0
udp,0.6647301190357098,4346,3540,7,2.8124004128730156,0
udp,0.6725266316853676,4201,3641,8,1.6414055171676099,0
udp,1.1105097874314502,3141,2763,6,3.4598134530629605,0
udp,0.3447822886251958,4313,2592,11,1.7067850536686286,0
tcp,1.0224773709837913,4413,2791,8,2.7229332400043953,0
icmp,0.23486543143062377,2384,4589,8,3.4405193888504253,0
udp,0.41541171911757063,4170,3298,12,2.30756007687198,0
icmp,0.38902459507334175,4170,5308,5,3.0302033949710263,0
udp,0.7895574949347332,5705,3656,10,2.7129176670207844,0
udp,0.31664357569869145,3602,3597,7,1.8072251039123826,0
tcp,0.9899088370487049,5025,2903,6,2.5861079327200485,0
icmp,12.8830085051788,202078,136932,116,16.275100052135645,5
udp,1.5412165177180017,5399,6398,4,3.306758390633811,0
udp,1.29668901726484,4165,4672,7,2.7323619965996975,0
tcp,0.0,911,1868,8,1.385569099587987,0
tcp,1.2427024529516646,3865,4231,5,2.7985861280919266,0
tcp,0.3383974779190823,3620,4180,8,2.3890239669581383,0
udp,0.22926588215006583,4054,4658,12,2.8583037381381406,0
icmp,1.5678073071125298,5011,4105,3,3.5121936467214976,0
udp,0.1546846307671148,4697,2599,9,2.358158328456445,0
icmp,1.0669307955099772,6415,3759,8,1.8638681413188127,0
tcp,0.7062909748076178,2383,2327,6,2.455689502201439,0
icmp,13.217854663333243,130615,119339,280,37.97599003234053,16
tcp,0.8191572690115445,3263,4515,13,2.674810994070839,0
udp,0.25307057826070023,4478,3669,14,2.2100135113176687,0
udp,0.01880169073964899,3103,3006,8,3.016666300034529,0
tcp,1.2869500023099683,6603,3625,9,2.5625450035004027,0
icmp,1.2554780303608366,4959,5175,13,3.5390245489634427,0
tcp,12.144394771601565,86334,86441,373,1.3438812305240404,1
icmp,1.008906748598545,4947,2840,11,2.777182078561042,0
tcp,0.8527436266554794,4474,3771,3,2.9442011810906026,0
udp,0.9471019010445753,2194,4259,3,2.034906988914954,0
udp,1.4306749965829375,3722,2331,4,1.504180396177921,0
udp,0.22255607845883185,3703,2660,12,3.3865286543158097,0
udp,1.2561561022868508,6777,4636,12,2.0537750048335965,0
icmp,1.48963529212436,5261,5040,2,2.9346501904143523,0
icmp,0.431206189624854,4454,2499,8,3.1373188462965063,0
tcp,2.1372259682518386,5455,4071,5,3.914101120579834,1
icmp,0.04073510990109275,3801,5317,8,2.6795133074450677,0
icmp,0.9702787683989738,2887,2457,4,2.270134060788875,0
udp,1.2267167939523806,4944,3082,5,3.178394974839245,0
tcp,1.5200272735104956,3943,4552,4,2.005427225214939,0
tcp,0.0,3585,3615,5,2.4872444794448545,0
tcp,13.527410804410897,85513,193648,367,23.63256578554008,11
udp,0.9823763770788649,3244,3570,9,2.034032201193577,0
icmp,2.1074250801160366,3761,3993,7,3.12156253020906,0
tcp,0.8090595261169805,4197,2540,4,1.636004572446605,0
udp,1.3471273952100937,5814,2957,7,0.5197945611239134,0
udp,0.4218306196498369,5933,5168,10,3.603712468504309,0
icmp,11.766900992410458,9485,169596,298,7.723982731384961,1
icmp,0.2932889109844957,3804,2827,5,1.7447504331552464,0
udp,0.06890425324898397,3355,4634,8,2.1862622414227415,0
udp,1.5745501044655783,3357,5289,7,1.3015854184978028,0
udp,1.4176399119774379,3929,4277,5,2.9212116141214493,0
udp,1.0020631973927636,3694,3993,7,3.0492295451226896,0
udp,0.4249421852362124,3538,3765,7,3.4834084314946603,0
tcp,0.6979253358206883,6253,3840,8,2.764599576150455,0
tcp,0.9868588555507719,4439,4398,10,2.91440217976807,0
icmp,0.23805039375425308,2889,2651,6,2.4822117116932048,0
tcp,0.20114937453952397,2972,5050,7,2.3334468440732965,0
tcp,1.331260275510942,5253,4055,11,3.7731156604648803,0
tcp,1.8034878457030008,3814,1800,4,3.596531685710442,0
tcp,0.35980079615258415,5224,5135,12,2.877780449810807,0
udp,0.2998964357987187,5139,3536,9,2.3874692737113565,0
tcp,1.8043118239088072,2611,3715,11,2.5569094678531137,0
icmp,0.25932271267021645,2697,5190,9,3.8749266794124804,0
udp,0.7066376704524369,5520,5098,8,2.8898482328102677,0
tcp,0.8580894498780839,3709,2290,11,2.887766649829066,1
icmp,0.32145449418816163,5055,3880,13,2.472250730677943,0
icmp,1.1688487678632655,3168,3207,9,2.8029032916690735,0
tcp,0.0,4184,3569,9,2.6397885774495693,0
udp,0.9878098969171779,4726,2515,7,2.0873231917834603,0
icmp,0.6883772602578502,2621,4481,10,2.7845004349949636,0
icmp,0.38021861351505065,2745,3424,8,2.18472656019153,0
icmp,0.9866581938609095,4852,4217,10,2.6738280243557737,0
tcp,1.2973322566002738,3602,5022,7,1.8479177126745452,0
udp,1.409995490202708,5960,4077,8,2.4482797646323777,0
icmp,0.6274840360031694,4178,2519,4,3.2153383181257142,0
udp,1.2708166061530852,4228,5866,7,2.238617992928162,0
tcp,1.3251315474840326,3520,4902,4,1.8714505908092627,0
tcp,0.04359373350275575,5021,4807,5,2.2970528534918886,0
tcp,0.8712753985430812,3379,2469,7,2.7855981930093545,0
icmp,0.6262503822309942,4547,2399,6,1.8278439225199452,0
udp,13.54854381092246,107534,134324,97,26.725107174966077,5
tcp,0.6959902472339283,4149,4333,7,1.621841142695953,0
udp,0.5082639490178433,4193,4386,7,2.9520897258262884,0
icmp,11.84022224758005,50060,154293,296,15.371995380687322,4
udp,1.315634740551061,3762,4346,9,2.6807174532931866,0
udp,0.00933268775932794,4710,4934,5,2.487717781856093,0
tcp,0.28980683077981306,3708,5157,10,2.38662381835141,0
icmp,1.2571494981732116,3913,3140,13,2.4992546239325097,0
icmp,0.7055827782804834,3740,5467,6,2.5561270564551886,0
tcp,0.4334261951208975,3608,3317,2,2.088768679900706,0
udp,0.7316514250604931,2010,4565,4,2.8272953287641234,0
icmp,0.6488309390876571,5700,4193,5,2.5117038765817425,0
icmp,0.9805525289150946,4741,4358,13,2.9766633921874357,0
tcp,0.6858896122551845,3131,2345,7,1.8019995833673388,0
udp,1.365348910715852,3098,2391,9,2.42493919004035,0
tcp,14.850590393764662,93298,155111,336,35.69132198437637,1
udp,0.9204496972489135,4163,5042,7,2.3946340195209226,0
icmp,1.313621815921905,4702,5262,11,3.0123442023565525,0
tcp,1.0748536701414118,4404,3041,10,4.091651718696588,0
icmp,1.40247246800386,2843,4011,9,2.0777646711854203,0
icmp,7.54271530721418,50967,93676,262,10.264716494326242,7
udp,0.13584536168700923,3798,4793,8,3.874091816196697,0
udp,1.0401470456916364,4194,2915,8,3.2995240703665774,0
icmp,1.3860441065564717,4951,4826,4,1.0538654846483102,0
udp,0.6749107152032294,4607,3801,5,2.964411453605391,0
udp,0.05451357833280179,3086,2984,9,4.118690063880818,0
tcp,1.2160707156343746,6193,5278,7,2.8386139641350185,0
tcp,0.42970998059945953,3347,4592,13,2.452748588624018,0
icmp,8.976600611505289,188440,137374,147,29.3629661380985,1
icmp,0.0,4675,4836,10,2.2467621303368768,0
udp,0.45373062330066516,7395,4253,10,2.588626436570137,0
udp,1.4731971714426813,2800,3622,5,2.3315566765070614,0
udp,1.0502923336581755,2813,3949,10,2.6852993480448166,0
udp,23.772805203680385,125834,99982,217,17.11846074633785,7
tcp,0.9901815032306462,4403,5414,3,2.763964803948212,0
udp,0.8666033516733197,2988,3881,11,1.7920909901415971,0
udp,0.0,3972,5096,2,2.9339721819870204,0
udp,0.8728080883201071,5867,3787,11,3.19157762676855,0
icmp,0.4427369582488157,4498,3740,5,2.5369355460994907,0
tcp,1.7094006458486823,3890,4326,6,2.2837323110070056,0
udp,0.0,7315,3587,6,3.1335118483871667,0
tcp,1.3146394685713347,3999,6481,8,3.553995541781899,0
udp,0.0,2571,3783,9,2.5753281538422814,0
icmp,0.48033717207676074,4672,4830,6,2.6898722464938065,0
tcp,0.5981144218888936,4588,3957,13,3.191476361420646,0
udp,0.5274438049449203,5945,5649,10,3.162555317545207,0
tcp,0.9607290952034119,4270,5578,8,3.276191327829348,0
udp,0.9354260994872545,3599,4551,4,2.232789490121492,0
udp,0.922330721802282,5703,3681,9,1.744475474121415,0
icmp,0.7841719573651282,148571,206295,242,49.54503021231737,7
udp,0.08311970440268324,3751,3017,5,2.9528398725155154,0
udp,0.6738482496769539,3066,2273,11,2.0808383129590693,0
udp,0.23976403741426722,5623,4341,8,1.680526799525554,0
icmp,9.068157635943052,19449,101159,338,20.50654374015687,3
udp,0.8019335785800918,3401,2094,7,2.6957815123396496,0
icmp,0.8052363638233869,5769,3483,5,2.694651546387515,0
udp,1.3833170731216724,3785,3090,11,3.4076224627904987,0
tcp,1.2254843062691314,178,4562,12,2.8094832458958243,0
tcp,0.8501905363105585,4971,4052,9,2.8254302100399395,0
udp,0.5123877995085884,3064,4584,9,2.116986838058293,0
tcp,1.4810228087826283,3797,3910,6,1.5192885749626135,0
icmp,11.463289444321337,190251,29782,324,31.928053873480877,1
tcp,0.4985090855848538,4939,5475,11,3.0277596269829044,0
icmp,2.2586443862966856,164202,243380,346,4.446945069282279,10
udp,0.8503356948130046,4237,4626,4,2.7762553154597005,0
tcp,1.6669377876956566,2760,3370,8,2.8483479334536357,0
udp,0.26538444643168924,2881,4250,7,2.068945466953514,0
udp,0.9832937489585103,3071,3130,5,1.9079633145102712,0
icmp,18.880869542609638,67937,178156,301,23.366205595588074,9
udp,0.12388976690230813,4860,5252,12,2.5933814690032944,0
icmp,0.12083330839376205,5226,3750,5,3.1710727375422625,0
udp,1.2359369781168563,5452,5375,8,0.6040219189793465,0
tcp,1.5348022732539561,6990,4355,6,1.617317849282213,0
udp,0.7740234156956172,3098,4844,9,2.966832128045457,0
tcp,1.5563274135172023,3565,2832,7,1.9354559874338961,0
tcp,0.8861467707741848,5282,2737,1,2.2742822333756516,0
udp,0.7957416490187245,2358,3166,5,3.91215957203904,0
tcp,0.31887628373710847,3570,3063,7,2.747163830901197,0
udp,0.255313165995933,5027,3900,1,1.9210902707345534,0
tcp,0.8214941903716791,5268,3570,13,2.915482560967739,0
icmp,0.32352611419474153,3859,4334,10,2.0426740170785918,0
icmp,1.2010482147725896,4458,3738,2,3.0817585735365816,0
icmp,1.9786627284553087,3491,3383,8,2.189944655290123,0
tcp,0.5503887086238912,5707,5186,4,2.3912855536714104,0
udp,1.9149298532291212,3505,3405,5,2.3386768224604104,0
udp,0.4416094996537959,5007,4262,11,3.095106744872866,0
tcp,0.07904554892313265,3631,5593,10,2.8827950410574505,0
udp,0.5509983034045217,4130,4400,8,2.355733167936542,0
tcp,1.322062070889387,2291,3208,7,3.954975986171374,0
udp,0.7620106890452537,2371,3005,8,1.6586033732085164,0
icmp,1.4362247609066023,1195,4957,10,1.1072144439418234,0
udp,0.625197383811374,4144,3614,8,2.8015292630478603,0
icmp,0.5322154081699282,2749,5595,11,2.1981357359175875,0
icmp,0.14482069355327176,2878,2278,11,2.296454644312371,0
udp,0.48604809719080583,5742,4699,7,3.1566509238317506,0
udp,1.3826692002844378,4087,2868,4,3.252142192307371,0
tcp,13.244266676851606,112005,101177,418,14.784058971613184,6
udp,1.5003164844063224,5342,3182,5,2.0822582980150077,0
udp,0.0,3447,3660,8,3.212500093660996,0
tcp,0.9972616061175136,3095,6413,9,1.5942846305872873,0
tcp,0.9379683055076145,4782,4555,7,2.2572454401801507,0
tcp,1.5493193056421597,1597,2125,7,2.2329846884394366,0
tcp,0.9859592189577228,4155,6704,9,2.6572316876033497,0
icmp,0.6765284986719491,3314,3751,8,2.602721901461142,0
icmp,0.0,5615,4180,5,1.700753683456441,0
icmp,1.0213650373083765,4717,5505,7,1.8745280146737966,0
udp,1.8216404627499598,3541,2778,5,3.1629929354249313,0
icmp,0.23804067781555238,7329,4414,6,2.3678462042889104,0
udp,0.8528913334128275,3942,4220,7,3.182387315011071,0
icmp,0.69507488553943,5784,3873,6,1.6679748394259752,0
tcp,0.695449351280762,5342,4055,3,2.5956735455246998,0
icmp,0.2810835699664125,4982,2335,12,2.1908603548293186,0
udp,1.4221670488244658,2576,4385,7,1.5437029936442965,0
icmp,0.6615434992486495,5007,3322,13,2.4046649906716744,0
icmp,0.7075893941998324,3878,2198,4,2.2749962259121683,0
icmp,1.3653249186979703,2646,3860,8,2.647210591897723,0
icmp,1.0813241408456162,3740,4583,8,2.700186467715092,0
udp,0.7528788318092602,3034,5486,6,3.441254139553731,0
tcp,3.7623258066391276,67284,69258,294,27.509311147106416,7
icmp,0.3203787814032276,4096,2258,15,1.681431239360919,0
udp,0.6865416414871921,4086,2713,13,2.066090208992008,0
udp,1.2602260742985796,3460,6253,7,1.6371428133409949,0
tcp,0.9004896630692787,4921,3140,4,3.6031656010925213,0
udp,0.46586967135962387,4340,3022,7,2.5957020456627293,0
udp,0.508930007717567,3987,4181,10,2.9150529948050403,0
udp,0.9797792322569976,4486,3916,7,1.9645652007262857,0
icmp,1.217722800477947,3364,3981,6,2.96401848007968,1
tcp,0.7149564358163693,2266,3095,6,1.6083387998319014,0
tcp,1.603491607939961,3016,2963,7,1.2296888189860564,0
udp,0.8369352634303112,1411,3851,9,2.379215107446451,0
tcp,1.065016920295446,5166,1995,13,1.5684963916866366,0
udp,0.0,3987,3945,14,2.8561991680566408,0
icmp,0.8665801297543333,5010,3210,7,0.347068608132612,0
udp,0.6763010299132255,4497,3871,8,1.815649494350978,0
tcp,0.8105404238360857,2968,3384,5,2.68887955009489,0
tcp,15.21120263957041,124977,109389,396,25.156511411599737,13
icmp,0.0,4255,5489,9,3.0487661350782176,0
icmp,1.1634270472171884,3538,3160,10,2.954509006401607,0
icmp,0.49228988110471067,5850,3462,6,1.7344426696034063,0
udp,0.742139267804652,3114,4585,9,2.6606878125536118,0
tcp,0.7395199860934298,3971,3943,7,1.9283016925152348,0
udp,0.4816382994869828,3796,4874,4,3.083683574533001,0
udp,12.576585795214728,120905,130366,26,39.46947065059401,9
icmp,0.9715735499361347,3610,2561,1,1.9213236016559339,0
udp,1.2955530183935942,2345,4961,10,3.0592481925791972,0
icmp,1.177686589201943,2018,3280,8,2.695589715685491,0
udp,1.727162702477178,3380,3230,7,1.8432622741092275,0
icmp,0.13262999532988184,3634,5212,2,1.9089596559978457,0
tcp,2.087177430699831,4805,5746,9,3.17396801988751,0
udp,0.30609999958128414,2779,4452,12,3.0906058182491516,0
icmp,1.0949274316459605,5986,3994,6,3.3663611150097315,0
udp,0.3510076505283911,7010,3625,6,3.0425015989467195,0
tcp,0.43818025897032614,3987,5204,5,2.4991125611735505,0
icmp,0.18708644242032468,4030,3316,2,2.803036985339934,0
icmp,0.4649604305176841,3205,4590,8,2.5131464030361768,0
udp,1.1153090023458208,5263,5330,3,1.8605512911269404,0
icmp,1.858022910531828,3571,4087,8,2.300835363220116,0
udp,1.7985117719771038,4359,5792,12,3.1354172538797713,0
tcp,1.2584344194194481,4646,4574,11,3.5651372796879612,0
tcp,1.4229699176636432,5412,3777,11,2.2126830806886684,0
udp,0.0,3281,3830,1,2.570655273920868,0
udp,1.192152672483621,3731,3994,7,3.203199340366697,0
tcp,0.6377551923483112,3623,2241,12,1.6914679393106324,0
icmp,0.40859723237352086,5217,4489,13,2.3732923999594226,0
udp,0.6558430669893024,3064,2646,10,2.1491683537893653,0
udp,0.41030964909458184,4137,2498,9,2.323292555962446,0
tcp,1.424422506392188,5698,3490,7,2.9001937442245245,0
udp,0.932825489802395,3679,3187,8,3.234359873671147,0
tcp,0.9281078065521386,3724,4311,2,2.6825984639535108,0
udp,18.217244377086256,232294,164336,170,36.410208924457905,6
udp,0.5783713083115651,5726,4854,12,1.944917540769385,0
icmp,1.0068734485090995,5683,4883,3,2.244542891692239,0
udp,0.6318998980864121,4936,3012,10,2.96738862441215,0
tcp,0.32906715134957676,3400,5031,8,2.6295971881930624,0
udp,0.9161947021637041,4553,4230,8,2.797457490680649,0
icmp,1.0306570716906278,5669,2629,8,2.943054910965233,0
tcp,0.23262549093439888,5112,2347,10,0.8946695062132275,0
icmp,1.3832661219915892,3788,1606,3,3.1060120617365636,0
tcp,4.065763582698679,46317,136126,225,33.21607729100906,8
udp,0.9674662513341554,4554,3723,10,2.3982320043974164,0
icmp,0.7664188319860816,4852,3740,16,1.8620851250022712,0
icmp,0.9052666977989784,6187,5246,6,2.612916096097799,1
icmp,0.8732804712360569,3994,5728,8,1.6091538968544294,0
tcp,1.005734433623261,2775,4552,6,2.229854751830587,0
udp,1.0416203604153487,4628,3330,10,2.447281092925078,0
icmp,1.116814461675129,7000,3792,7,3.6083589991515073,0
icmp,0.5605275918308885,5716,2517,8,3.142406165541033,0
icmp,0.20161458380871566,2733,4600,13,3.109054793064969,0
udp,1.0021997880375948,4693,1695,6,3.183605906681233,0
tcp,0.7877238696359399,4947,5063,9,2.5597998049736437,0
icmp,0.8982034680744082,4045,2829,5,3.3061574035041312,0
udp,0.6280544552844207,4174,2216,14,3.4234376071034087,0
tcp,1.5772763616167031,3624,4314,8,1.9998795698151994,0
tcp,0.8079806913099339,2417,4530,10,3.2481866413337697,0
udp,0.6035124656114167,4196,3832,6,2.109032201966207,0
icmp,0.9502172467512452,4278,5126,8,2.935036406479575,0
tcp,0.765716328365404,4713,3617,3,0.7749675397483384,0
udp,1.6224172805896977,5196,2437,9,2.2022426307329663,0
udp,0.40648709296779395,3763,2212,8,3.4677785276032567,0
tcp,4.907984159689759,115848,129818,332,2.138632633912149,6
icmp,0.6394530910116407,5342,3174,7,3.1681124419678213,0
icmp,0.9641776811655037,1914,5200,9,3.695441232728773,0
tcp,0.9073803416277442,5400,4660,12,3.1813627674948157,0
icmp,1.2458562516408904,4231,4862,9,2.0523536865088556,0
tcp,0.8775999917793378,2822,4463,8,2.6856756974790903,0
icmp,9.460083363327536,58381,252639,320,41.48476641154684,2
icmp,0.638681804155188,2673,4334,6,2.2305975625688648,0
udp,0.44988264053897103,4923,4023,7,2.466352912156296,0
tcp,1.3457442765735914,4540,5077,5,2.635482131026229,0
icmp,13.545268043876616,99696,156749,341,17.891859238480812,11
udp,0.1464072869269285,3510,3784,6,2.3935643715426282,0
icmp,1.6838183023834083,2003,3165,6,3.875974205856517,0
icmp,2.252685033018474,1928,5906,1,3.910945466350675,0
tcp,0.47004881981312957,1986,3178,9,2.2939352973286415,0
icmp,1.1203976343121638,3239,3680,7,1.6403505638314093,0
icmp,1.7749469027238518,3808,5480,7,2.3047518107408846,0
tcp,1.2311930606221757,4751,4910,8,2.916086504458457,0
udp,0.6008864594365574,5175,2333,9,3.391033114282021,0
icmp,0.0,6399,4913,10,2.269734096379626,0
tcp,0.7979678108003173,3895,5327,9,4.039922585162869,0
icmp,1.267511776780106,4823,3960,8,3.1553087384925242,0
udp,0.9604280940829903,2711,3543,11,4.165521796188256,0
udp,0.9968876477572884,3947,4757,10,2.747534758922151,0
tcp,0.6229255423046265,4413,2939,9,2.0722306177832692,0
udp,0.5580256406142893,4237,2701,6,2.17114367870143,0
tcp,1.3176166177703519,4490,3830,8,3.729895476983643,0
udp,0.6409071809412209,5096,4702,2,2.1513684561853967,0
tcp,0.3359416268595606,2796,3869,8,2.132645763511448,0
tcp,0.9443415332392583,4768,2288,2,2.1549291465125395,0
icmp,1.2028487341510483,3307,2736,7,1.6292177233086869,0
icmp,0.8138211138824548,2230,4134,6,2.6222798601686828,0
udp,10.879430585464412,215205,213149,125,15.979743381390065,6
icmp,1.5646831936585972,4770,3440,4,3.0118241271168698,0
udp,0.49290057462803144,5526,3983,6,2.4042108196145744,0
tcp,0.4863202597885408,3825,950,6,1.8662732424598318,0
tcp,0.7486778136259657,4290,3400,3,2.7948787398987758,0
udp,0.3627230226528968,4556,3406,8,3.013818787858839,0
icmp,0.023483509969772887,4392,1516,10,2.9422446013066623,0
tcp,0.7795020563529946,2643,4982,5,2.2889849584163517,0
icmp,0.5754495945610969,3356,2567,11,2.372283441777233,0
tcp,0.933665644118367,1445,3761,9,2.708217843441252,0
udp,0.6877875624320132,3484,3934,9,2.2938708787177444,0
udp,0.7359371647983726,4627,3063,5,2.418488292617568,0
udp,0.8447111217990633,4164,4493,6,2.9203682426870805,0
icmp,0.37360498748580323,5276,4635,13,2.986832611044109,0
tcp,0.3969254379949013,2543,5858,4,2.9701120480586347,0
tcp,1.0442934172295537,2963,4397,6,1.9117729040628881,0
udp,0.6071652662204451,3433,4032,6,2.6041224882951246,0
udp,11.035652008610246,162831,9642,239,28.007255241913473,8
tcp,0.5632116682418573,2661,2736,9,2.414960163561994,0
udp,0.11634689161494371,1847,3908,5,3.1925628236618286,0
icmp,0.8005373097284464,3691,4005,9,1.9840900231446472,0
icmp,1.3257371990869191,5393,3379,11,2.832294585534995,0
udp,1.1476098281076357,3680,5353,8,1.1437138176790373,0
icmp,1.7454343249743711,4193,4693,11,1.5819122545985784,0
tcp,1.0212233426810577,2715,2819,9,2.4914556366669003,0
udp,1.9960973928352053,4783,4346,8,2.338445062990099,0
udp,0.25084136858815453,3640,3974,11,1.5771830360206356,0
icmp,0.4804854908598415,3252,6127,8,2.247866119077737,0
tcp,1.3297800311237524,1946,3352,9,2.1185915785294087,0
udp,5.879331207063116,97370,194431,158,26.675195780632325,8
udp,0.22152010036788317,3236,3435,12,3.5493404094005836,0
udp,6.949871352946382,101213,147714,295,28.899539191689396,4
tcp,0.0,5023,4785,16,2.906347080619199,0
tcp,3.1969401835851468,152120,163325,303,29.158258663203018,1
tcp,0.4630178581517198,4475,2618,6,3.3489264974666715,0
icmp,0.30824728699432546,4058,1714,11,2.7475776404246197,0
udp,0.9056862105336693,2523,3415,4,1.3168330361419882,0
udp,0.7818683004323208,4029,4428,11,2.082190305822256,0
tcp,0.2845646384486946,3520,1549,8,3.382409612392649,0
icmp,1.0355703636428628,3008,2693,11,3.974911166900279,0
icmp,1.0995406526891225,2802,3090,9,2.8941766514645924,0
udp,0.5565120856243195,3235,5116,5,2.1181328184305466,0
udp,0.3482290104013286,3281,4098,8,3.248496819141345,0
udp,3.7583983864775803,216897,126150,217,20.129875079424703,11
icmp,1.1653601127389848,4406,4454,7,2.1097238991068124,0
udp,0.0,3177,4810,4,1.023891670216921,0
icmp,1.0317547104787135,2921,3309,5,2.6275304476662935,0
udp,0.7309315465730375,4204,3794,11,2.157139977457647,0
tcp,0.6041007234272853,4134,3653,3,1.9996506178079425,0
icmp,0.361491580371177,3206,2885,12,2.1192859824506067,0
udp,0.8764437430838211,3852,6100,7,2.5409897376721005,0
udp,0.36965203094243543,3958,3792,5,2.2457248408342942,0
tcp,1.7315448907336464,3795,4971,6,3.7489974489468585,0
icmp,1.4030451428954915,3082,5632,8,2.676095205645606,0
tcp,0.05262540998796705,3517,3993,5,2.32631531939981,0
tcp,0.22123875772210744,3763,4626,7,2.3679066714906316,0
tcp,0.4912926798659782,4746,3849,10,1.7085067875249338,0
udp,0.7687842863717838,3273,4018,11,1.3590943543069571,0
udp,0.9680477602744425,4860,4163,7,1.5346719281252263,0
udp,0.0,4161,2647,9,2.205824113692265,0
udp,0.7333566716200914,2327,4487,8,3.818456153568791,0
icmp,0.9379487915708186,4813,1291,10,1.782807833909473,0
icmp,1.0384595435897852,4051,5136,10,0.9106515945695619,0
udp,0.9276879480262805,5327,3504,10,0.3942710774868279,0
tcp,0.24721653483276151,5862,2404,5,1.33622163571536,0
udp,1.4051414923021404,3658,4406,6,3.281640768800997,0
icmp,1.1098091974609123,4976,4567,9,2.976291926714547,0
tcp,0.0,5493,2776,11,1.2489658384471045,0
icmp,0.0,94168,132065,278,15.721028580878203,7
tcp,1.261754827173246,2183,4191,11,1.3831556908484275,0
tcp,8.209818277761604,139936,236648,77,6.296708550581883,7
icmp,0.3864176161008349,3459,4668,4,4.380252796930131,0
icmp,1.262637710958502,3775,4006,5,1.5175233407861368,0
icmp,0.6385334867694756,5684,3679,8,2.2648945778019147,0
tcp,0.5430650638063783,4734,3493,10,2.788085578833162,0
udp,0.454570294251415,5286,3233,8,2.5956318205419118,0
tcp,0.2561929753379075,4150,5390,6,2.39393314903282,0
udp,1.136003443244622,4561,4311,9,2.527663100673189,0
udp,0.6300035871017333,4288,3650,11,2.2431244940579957,0
icmp,0.8983380432071223,5786,2006,12,2.447071997935369,0
icmp,0.46972766682296924,4098,2880,11,2.159915248642422,0
udp,1.0720355846895784,5947,4524,7,3.2859252432254977,0
tcp,0.6548465122450972,3351,4066,11,1.356452070953703,0
icmp,0.9427982878285104,1426,3710,11,2.5267327416169367,0
udp,0.6947632738510383,5010,3524,11,2.5467980403782837,0
udp,0.4088295100593229,5604,2276,8,3.360403521154036,0
udp,1.3201901659950233,3815,2095,3,3.027733308152646,0
tcp,0.7537360632218981,4453,3411,4,2.021402580180426,0
tcp,0.675944624662226,2063,4304,6,3.3034312057471387,0
icmp,0.5691073841109864,3270,3535,6,2.085381691485004,0
icmp,1.2027812763460275,4176,3404,8,2.290884912375966,0
udp,0.16578374339622437,2485,3678,5,1.9804440691918492,0
udp,8.043081607295846,10254,179961,314,29.22979938536085,14
udp,0.6016752978244546,2508,1481,6,2.4612440889773284,0
tcp,0.8510069496385875,5535,3520,12,1.5743293875025182,0
udp,0.9740544996102664,3347,2871,4,1.9341668601139133,0
icmp,0.42670048590700793,2197,3931,5,3.3051008447118617,0
icmp,0.7144034152064597,3871,4527,10,3.5689671587585376,0
tcp,0.9793108267256523,2652,4276,4,2.6334678112463217,0
udp,0.03939067421995601,5237,3009,6,1.3250014767203104,0
icmp,0.7596824653805843,4320,3894,5,3.7071241216217783,0
tcp,1.0040691470712437,2593,6917,6,2.499333316885244,0
udp,0.472927235886964,5132,5663,11,3.4943247074851738,0
tcp,0.6331362555845219,5081,2540,2,1.3304979432580635,0
tcp,0.9440662340008569,3579,4664,7,2.9449749313603584,0
tcp,0.5868851500069183,4421,4604,8,2.873602917328052,0
tcp,0.0,4404,2731,10,1.5667454614176206,0
udp,1.2733670144395244,2584,2014,4,3.238854758456185,0
tcp,1.543130465490859,4815,5290,6,2.8803885925512036,0
icmp,1.3095158751872005,3983,3902,6,2.4621694845197606,0
icmp,0.7637905273161194,4549,3761,8,1.8205997113406196,0
icmp,0.7543350053559693,4396,5568,6,2.2818341099423987,0
icmp,1.1042934210698172,2089,4166,5,1.5924891207000331,0
icmp,0.0,1810,4264,11,1.608880920464835,0
icmp,1.3773644260871483,3485,3801,1,2.6681377047831916,0
icmp,0.3844439008066954,3684,1955,8,2.8567737240180007,0
udp,24.69389790288132,29588,122053,263,20.675039485178488,8
tcp,1.9545882796450371,4893,5106,2,3.2370105321462237,0
icmp,0.4039285655226872,4093,2601,6,2.916345696413323,0
icmp,0.46830282544048973,3534,2575,8,3.919033743400468,0
icmp,0.6424741015919855,1180,2429,8,2.8807244277806947,0
icmp,1.6365496704350475,1085,5170,10,2.463921857731447,0
tcp,1.8912591265070022,3442,3737,4,2.423963069097133,0
udp,0.8564504099544279,3324,5027,4,2.72711767501209,0
icmp,1.1696591273487962,4132,4081,6,2.849514375190215,0
tcp,0.3965544724620281,3267,4421,2,1.6840142023602245,0
tcp,0.7317832364246926,5085,3249,9,2.0755818367459673,0
tcp,1.2217875965532634,4246,3310,13,2.9616134256108215,1
udp,1.3538074790927106,5784,3562,9,2.558911809966922,0
tcp,7.629448343820023,169234,136543,322,15.499759005605888,9
tcp,0.39688293656349555,4625,2546,8,2.365298279886284,1
icmp,0.6107647748401361,2320,5133,4,2.3058984893848953,0
tcp,0.8802475014134613,4103,4188,13,2.035807121139054,0
icmp,0.0,3929,4870,11,4.0349506065065945,0
tcp,1.3339553855858126,4309,4008,9,3.8280632254864027,0
icmp,0.6395164952617245,5050,2159,11,3.433033494090065,0
udp,25.647760187033057,162200,152807,287,14.114819767342631,12
udp,0.3203860839470814,3386,4579,5,2.171384957654751,0
icmp,0.26293108649646224,4907,2147,9,2.4494991842199636,0
icmp,0.6049187886733438,3882,3721,4,2.8225944490583736,0
tcp,0.0,2550,3929,8,1.784135295815434,0
icmp,0.4693727493718171,4085,3470,4,4.619828095589007,0
icmp,1.3897113347637737,4664,5332,11,3.497301925384352,0
tcp,0.21672751777756027,5140,5929,8,1.6079687402278116,0
tcp,1.084058850146543,3381,3463,5,2.0139767428561672,0
icmp,15.233851120513172,160045,56878,357,22.982701638592772,2
udp,0.47235100677568537,3599,3354,9,1.5394047264582835,0
icmp,1.0425306445279319,2484,3791,12,2.838189838946954,0
udp,1.2848616480567092,4074,3581,8,3.5833689125751587,0
icmp,0.8698860271173632,2958,2618,6,2.2849289461690967,0
udp,1.3427319023728657,2530,4639,6,1.8152207888125864,0
udp,0.6629479679132853,2567,4772,4,2.3885376136706626,0
udp,0.7820328712810017,1498,2245,8,3.7383465275124284,0
tcp,0.34720946771057826,3942,4556,10,3.161233502357242,0
tcp,0.8361409358525176,6434,1509,8,2.3481110263859573,0
tcp,1.1632124229487348,2972,2678,4,2.2033457611757292,0
icmp,0.5031048428644396,5065,4279,10,3.0513375047096183,0
icmp,0.8336854561104151,5171,4447,4,2.932857863446369,0
tcp,0.5030608403523747,3893,2359,6,2.514174431365034,0
tcp,0.8174738738167642,1005,3193,6,3.380189043722822,0
icmp,12.00148694420142,90672,109001,270,25.193269649920055,1
icmp,1.8920485308060744,4327,1092,10,1.9601999921250175,0
tcp,0.8837867435321675,4095,5886,7,2.300678394658094,1
udp,0.23731409736629694,5507,2988,11,2.4013331117120664,0
icmp,0.9753866796233603,1737,4840,7,2.4371961641694817,0
icmp,3.6823481538352176,123252,206903,200,25.750749666997123,8
tcp,0.8169505546949903,2570,3355,6,3.7175555893540175,0
icmp,1.1786085024864463,4434,1747,8,3.392707285940863,0
udp,1.268485862115939,5081,4837,7,3.2449704232068477,0
udp,0.15023287943850405,2746,4760,12,2.875647646479193,0
udp,0.2712590211952881,6241,5642,7,2.664200666517793,0
tcp,17.251361094149257,87461,126344,130,10.190882803614883,1
tcp,1.6559391686290188,4349,2995,9,2.590253881940944,0
udp,1.5881962509753489,2943,4003,9,2.159057266744127,0
icmp,0.5717605999255873,4756,3722,8,1.9488446396880938,0
tcp,0.2934339792468891,3423,3221,11,3.9391130129976517,0
udp,1.2581891811027597,6069,3674,2,2.2213636659572416,0
udp,1.065423495301388,5255,3972,6,3.4836126360064137,0
udp,0.546486886799668,3783,4511,10,3.8296375222429515,0
icmp,0.6126773520727733,3058,3560,8,2.755573131148249,0
icmp,0.2841310533879161,2679,5317,14,2.2528145648144653,0
icmp,1.3762100751450559,3202,4291,9,2.0804932684946937,0
icmp,0.4608903820560415,5508,1726,12,2.918403847930774,0
udp,1.1883069595033964,1793,4048,10,3.024837910628099,0
tcp,0.3460111004310828,4467,3972,6,3.0406142333516764,0
icmp,1.1478293294734958,1955,3900,10,3.4068869173693708,0
icmp,1.1875432847286445,2660,4675,4,1.148692111587381,0
udp,1.2733426494361297,4038,4009,7,2.172608687903713,0
tcp,0.7556966739581008,3165,5987,5,0.887242492246028,0
icmp,0.2805140566361408,2408,2162,10,2.6607673269990455,0
tcp,0.7820243359830293,4474,7135,8,3.305361765794104,0
udp,6.7913102892923565,205821,169759,329,5.062114874181411,5
udp,0.729816202956407,5249,2793,6,2.437873567730972,0
udp,13.869325234926203,176688,123510,256,34.41516246287512,10
tcp,0.5056893155820866,3176,3298,6,2.62153536108504,0
tcp,1.0907277147212957,5061,4371,14,2.508649084645776,0
tcp,13.309595914351894,80188,165613,302,20.074829277050966,3
tcp,1.222244580148782,3671,5503,9,2.992508295765661,0
icmp,0.0,2334,3468,3,3.716998247803092,0
tcp,0.7652069540814113,4076,1813,10,2.1617075836676656,0
icmp,0.7431974355068377,5635,4246,10,1.9403023099273993,0
tcp,0.33988728321974876,4629,2126,10,2.754353043528199,0
tcp,1.3636900451107918,3667,5334,7,1.2731668799023648,0
tcp,1.30991203487974,4546,4339,7,3.54042513070625,0
udp,9.60917756494875,179368,203131,257,17.541607584944874,11
icmp,1.1849284152450894,2298,3785,10,2.0776271362585286,0
udp,11.883336386948683,118734,150168,262,14.34616394608726,12
udp,1.1120806932103915,3835,5114,4,2.4700413848862337,0
udp,0.2777866641760163,4261,5914,6,2.3379747240994906,0
icmp,1.6197229256445689,5400,2171,3,2.6908788527551937,0
tcp,0.5855166770733953,3324,3715,6,2.7311749140293107,0
udp,0.9567086482763068,3870,2251,7,2.5683017730458384,0
tcp,9.133441360945717,92444,72995,208,22.783640551080993,9
udp,0.37890814548215046,5108,3977,8,3.6227480027904724,1
icmp,0.386931805282606,5115,3918,5,2.082215884362646,0
udp,0.21512470328757727,2407,1644,9,3.9453888887162414,0
icmp,1.149131183211229,4329,3620,7,3.0834590594088156,0
tcp,0.40111015373054143,2623,4465,6,2.2261147453716656,0
tcp,0.935425693886,5661,4328,7,3.0455674431650053,0
icmp,0.009638797294401757,6777,4580,4,2.841012657532099,0
icmp,0.44225222575141654,5344,1974,8,2.587190143207789,0
udp,0.5267892980629862,5093,5142,10,2.7139280447307477,1
tcp,0.20185520762947362,3423,4469,8,3.4338314601253206,0
icmp,1.0634676492084276,3973,3595,7,1.8432486762017684,0
udp,0.7055230007342808,3805,3524,3,3.3285244764582735,0
udp,1.1059105949033134,5194,4530,9,3.338919333267081,0
icmp,1.8012045490474375,4258,3330,7,2.663672272099654,0
udp,0.7992955670828789,4450,3667,9,1.584886539962306,0
udp,0.0,3601,4376,6,2.4063502700735366,0
tcp,0.5040493444001404,4665,4015,11,1.874329515081461,1
tcp,1.3595669076153127,2605,3598,9,2.457970735165067,0
icmp,1.0712676675335484,4095,5189,7,2.4951187050003036,0
udp,1.0322252118351058,3938,3026,5,2.101942527384722,0
tcp,0.9045660804249137,2232,4992,10,3.2528847699124523,0
icmp,1.3622776789011883,5398,4519,5,2.378423420457591,0
udp,0.5247143492085911,5424,3914,5,2.68450674388719,0
icmp,0.01866199323561457,5363,5878,7,2.6725774686130523,0
tcp,0.0,5931,3386,5,1.701269968006553,0
udp,0.790305431704069,5071,3475,12,1.793764729417787,0
udp,1.2131260946341587,3424,4710,7,3.3517777593152296,0
udp,9.755582109727417,94551,88555,169,26.332338386530715,12
udp,1.0170820548544555,4113,2946,8,3.298367999279991,0
tcp,1.8203411365571762,5582,3523,8,3.217067320957295,0
icmp,0.38711197097752303,2718,2131,5,1.6277876174277672,0
tcp,0.49044941408907766,3515,5091,6,1.6514011577516228,0
icmp,0.6108818885163809,4978,4045,10,2.2732381982182397,0
tcp,0.5318727135402732,3213,6408,10,1.9110968470345815,0
udp,1.4904471811379294,4557,3603,5,1.4634208719914465,0
icmp,0.8546745104024651,4527,1815,10,1.7245407830391477,0
udp,1.4315793577780886,3374,3864,4,2.654682522280485,0
udp,0.8758170275789319,3210,2940,7,2.4847267598299143,0
udp,0.6762149089597662,1418,3954,9,2.393084002127586,0
tcp,1.1349767407582234,2858,3197,7,2.4325187543459483,0
udp,1.567076001420527,4360,3102,3,1.7962876851082195,0
icmp,1.5707659020298501,3635,5085,3,1.8100350791323785,0
udp,3.6464852396601266,196643,125398,352,39.49975485583855,3
icmp,0.6828526640485927,4289,3183,4,1.529034709097397,0
icmp,0.6014273076185319,5390,3384,3,2.055668245996028,0
udp,7.036528657223371,96986,66032,212,20.428636562050208,7
tcp,0.02481842452209637,2727,2975,4,2.7991189161500456,0
udp,0.2545713474589524,5422,4520,7,2.3153308887551804,0
tcp,0.7149307697253544,4659,3654,4,2.8110810695271304,0
icmp,0.9143315777795826,4793,3536,11,3.723963922925848,0
tcp,0.9437394161525343,4108,3581,7,2.6011314413736812,0
icmp,0.9502188113152865,5639,3391,15,2.3981686107764992,0
udp,21.888837215159455,116056,267904,313,28.65171721171675,3
icmp,1.1039935404908647,4633,4228,4,3.3908956206400767,0
icmp,16.09556492665962,98393,228153,427,37.761347459971105,4
tcp,0.6638201940617487,5405,6420,9,1.752891973119012,0
tcp,17.74998055693795,33177,30722,378,22.048320348266657,5
udp,0.22039458945410106,4871,2896,14,2.6204021007432434,0
udp,0.856631330342917,4208,4086,2,2.6264904248106022,0
udp,1.2351328058094142,3980,4382,10,1.9714935123259774,0
udp,0.15238127527834044,4202,2435,10,2.305782300117419,0
icmp,0.9264347114944247,3946,3140,10,1.8612744623319002,0
tcp,0.2289658818495588,4134,1988,7,2.3041647982040843,0
icmp,1.074203286617504,5278,1821,7,1.6795773221319017,0
icmp,4.944170140854279,64048,164920,156,41.4316572839097,12
tcp,10.47449750547688,131521,161456,193,5.258027966703743,14
icmp,0.9485695010293249,2301,4975,10,2.5914596023399015,0
icmp,0.674859141528382,2471,3936,9,2.1158615298694663,0
icmp,0.808301009916951,3642,3897,10,3.195080527655862,0
udp,0.7711093492166052,5791,4331,8,2.077817422441704,0
udp,1.0491576941846033,3284,2971,8,2.330855258368079,0
tcp,1.2587896683191668,5451,3904,1,2.9763448074026697,0
icmp,1.670566791307894,3126,3931,12,3.0337308569975123,0
udp,1.272062441159874,4781,2626,10,4.051407815227147,0
udp,0.9152914509871419,5116,4054,9,2.4132725791690124,0
tcp,0.866696807725699,5358,4384,13,3.6371487273086736,0
tcp,2.3370559427348088,2473,3667,9,3.381676537766164,0
icmp,1.4981289162453209,4493,1762,9,1.845367164683859,0
icmp,0.30040669204249487,4668,4759,10,2.455529645754398,0
icmp,1.0012785329159268,4152,3915,8,2.631194538275267,0
tcp,1.078545529788768,5573,4470,6,2.8828738238758747,0
udp,0.7294708130404183,5150,3133,9,2.808262454428227,0
udp,0.5559587126220125,3619,3247,5,3.1835934959676333,0
icmp,0.6187344047405101,3797,3113,14,2.3627863287303947,0
tcp,0.8664288604171345,2329,3772,7,2.9198220535818966,0
icmp,0.0,2670,2221,8,3.6789774764511396,0
udp,1.8569284656940135,6433,5042,10,2.443475889055555,0
udp,0.6875799288829529,3347,5870,13,2.4556173350220765,0
udp,0.5714771306239123,4448,5031,10,1.7660899778005992,0
icmp,1.4855246134617752,3259,6072,8,1.7477369250643338,0
udp,0.6323649363608115,3264,3378,6,2.5644066958015306,0
tcp,1.4941550234587853,3680,3951,8,2.858065505162176,0
udp,7.642425572692461,83008,114300,255,16.581361464974016,8
icmp,0.43348688299445165,6394,4152,9,1.864374944907444,0
tcp,0.0,4385,5313,5,3.6408414547440358,1
tcp,0.8974929288986795,4264,4177,9,1.6501084524374918,0
udp,0.3128852965050679,2118,2400,4,1.9736799644472867,0
tcp,0.8966196106436006,5470,4336,8,2.647603578140043,0
tcp,1.1841674784381317,3975,6343,9,2.190308328350623,0
tcp,1.1279855213245318,5329,3528,6,2.1912283660368805,0
tcp,0.47482607888045003,4260,3091,12,1.9807710761510724,0
icmp,1.0347352820991158,3788,6312,8,2.424541002394716,0
udp,0.9746696110616109,4780,3323,11,2.197184400578586,0
icmp,1.0421744093137078,2408,4529,11,2.4216031426532205,0
udp,1.276794084036922,4590,3444,6,2.096452610949419,0
icmp,0.9527130142288679,3907,3119,8,1.9227635491778052,0
tcp,0.9773258910691802,4158,2771,12,2.7836108157666186,0
tcp,0.0,2737,2968,6,1.6882464887800683,0
udp,0.3018514900116733,2157,1585,8,2.720551296711353,0
tcp,1.3146392162041654,4211,3154,4,3.211530868663506,0
tcp,0.6506384612651007,4930,5641,9,2.67233198668351,1
icmp,0.6651002654200344,3678,4427,7,2.6328383095786134,0
udp,0.7643123283669002,3818,4038,13,2.0995572547520234,0
icmp,1.1003907495221936,2040,4362,8,2.5973699364658054,0
tcp,0.0,4541,5485,8,3.460183036011117,0
icmp,0.7065872819860672,103977,102300,240,21.10503979593668,6
tcp,1.1559844657496758,6076,3639,8,2.988293461087523,0
udp,1.5378715836661463,3531,4513,4,2.049475009333649,0
udp,1.3730663308547566,4709,3847,5,2.2394280792662946,0
tcp,1.6356711891648406,4059,2427,11,2.35589848462241,0
udp,1.0162226167277313,4009,4223,12,2.117409870524081,0
icmp,0.6456155308432511,4358,2830,7,3.255799241168499,0
udp,1.2738688322165288,3248,6600,4,2.925766375777937,0
icmp,0.49419781319394185,3690,4317,6,3.4334823585239374,0
udp,1.1089399932831434,3352,2186,3,2.0961349687486086,0
icmp,0.3945888950884055,5571,4121,11,3.221022383893101,0
tcp,0.9097948415727046,4813,4567,11,1.3509814457696598,0
tcp,1.7694895222678633,2185,2460,7,2.708781611393896,0
tcp,0.8136486782793267,3833,2364,11,2.3677674353139024,1
icmp,0.7187291099461044,5114,3138,7,1.3077861145915703,0
udp,0.6832165809471253,4872,4805,8,2.9581698074018465,0
tcp,0.5675731312179866,4210,3894,7,2.0470597484078925,0
udp,1.9953560420773166,2175,2898,7,1.9326577171190007,0
udp,21.535655920161645,245897,147053,372,36.2799215452268,11
icmp,0.6089139855184674,3095,5004,6,2.756290924594248,0
udp,14.559178599418487,73945,150550,254,12.263921575141435,7
icmp,0.9831598531530252,5475,3952,3,2.62689734580042,0
tcp,1.0175797880975839,4269,3973,12,2.6610746812103625,0
icmp,0.0,3371,1095,10,2.4319330050377945,0
tcp,1.0168492636767215,5151,2724,7,3.2676158145450245,0
tcp,1.672549989335144,5168,3915,12,0.5195668294547653,0
tcp,0.5729313086043646,1868,5034,6,3.7491921602389136,0
udp,0.8505662453040441,4125,3703,5,3.550760660492609,0
udp,0.8846820211987648,3612,5086,8,2.3180539820734323,0
tcp,0.7606516132151119,3654,2341,4,2.333958924793611,0
udp,1.0545573841297113,5686,3913,9,2.6427932446587477,0
tcp,0.6755171424349489,646,2639,6,1.8332853488240861,0
tcp,1.0681445991384644,3605,3928,3,2.695782816268045,0
icmp,1.094353040496724,2200,4635,6,2.0343480467982005,0
tcp,1.6540601898382108,2181,5265,2,2.6323935083684664,0
udp,0.9227065974573536,3017,4853,9,2.472164861340699,0
tcp,0.6214006679312725,1720,2260,4,2.89685924467963,0
icmp,0.8058929800887643,4885,4322,5,3.0974418825892864,0
tcp,0.0,2528,4829,6,1.5627136463540512,0
udp,0.9434118729277181,3141,4996,5,2.8170820187563885,0
udp,1.0422861262437355,2423,4139,7,2.445411523724337,0
icmp,0.0,4456,3426,11,4.220480503338273,0
icmp,1.5372289100522056,3527,3924,4,2.469045344550368,0
tcp,0.5713840612107699,4365,4892,11,0.7154449111608407,0
tcp,0.0,5108,4436,7,2.2774572014842636,0
icmp,0.8849615461354838,5964,4272,11,1.0170542704617083,0
tcp,0.6203554847729608,5297,1154,7,3.098061454883661,0
tcp,24.315075097563913,104450,242944,258,27.72641729891371,11
tcp,0.5394442973961298,3207,3189,6,1.4422142479622018,0
udp,0.3997893689640858,605,2267,8,2.7908651084909026,0
tcp,1.0561309667600756,3986,3901,9,2.1313713734235376,0
icmp,0.5503293163749168,5143,4494,4,1.9785336680222487,0
tcp,1.1007915170403912,5249,3675,12,2.2851775387786666,0
icmp,0.6036576032126143,2926,2893,7,2.318932163147028,0
icmp,0.5679267067586677,1100,5208,9,2.558423063872813,0
udp,0.0,3843,4428,11,4.066689519379137,0
udp,1.3411187515979637,4527,3818,9,2.8228207508104477,0
udp,0.22274975493726779,5220,1944,11,2.8051800299949186,0
icmp,1.1452473012933364,3460,6909,7,2.3824833232402223,0
tcp,1.5414878142026285,4339,4829,10,1.7831231687038915,0
icmp,0.18448884851405223,4620,3238,11,2.389631240952772,0
tcp,1.0200129797118003,3349,3582,10,2.6721121934873473,1
icmp,0.6508892290906213,3663,3219,9,1.500526273925907,0
tcp,1.0009078967680438,5667,4746,5,2.3435089987630042,0
udp,0.5707638128044263,4159,5122,9,2.9207082238020705,0
udp,0.21508452104993458,3017,5273,8,1.5761041610099507,0
tcp,0.4818270034717834,2354,3686,7,1.8796606499853765,0
icmp,1.5478600545291772,4012,5343,5,1.8303204952942485,0
tcp,1.4297628928806927,4825,3665,9,2.1770760995118006,0
icmp,0.38426318248972796,4192,4046,11,1.9006826177855407,0
udp,0.5775599696464049,4367,5189,10,1.5183208796486256,0
tcp,14.334193529787022,73218,75125,241,50.52486705928619,10
icmp,0.5975337952307523,4183,3093,7,2.7834691371854263,0
tcp,0.5135691599886313,4293,3846,10,2.3869185422283326,0
udp,0.9892849814288224,5669,3145,9,2.255400090308088,0
icmp,13.784422272955055,129006,170208,312,32.30595324981884,1
udp,14.393977279626482,191579,121216,352,19.561028214175845,2
icmp,1.413872798569838,3310,4744,8,2.05371918718819,0
icmp,0.7084907127590282,2681,4764,5,3.1250374094955,0
icmp,0.04274197616392117,4327,1780,8,2.117872830019132,0
icmp,1.136486819755675,6106,292,8,1.1571307656496084,0
tcp,0.7334443335905401,3813,3224,9,1.966405623377696,0
udp,0.43306219069656604,3377,6316,14,4.193473374111076,0
udp,1.606882477355077,3618,2853,11,1.7493591437653853,0
icmp,0.16622292091270918,2951,3321,11,1.7331233563245556,0
icmp,17.639294176709246,129319,232790,154,21.32362778522302,5
udp,0.23028070493426578,2672,4949,8,1.6249933732998305,0
udp,0.627477765098437,3635,2273,5,2.6530557723900112,0
tcp,0.8978118812537457,4501,3779,7,2.3519793301376315,0
tcp,1.8061484943495614,790,3731,10,3.146491929858369,0
tcp,7.7739684604201065,135071,150162,379,23.193862590558556,17
tcp,0.9686165154435871,1580,2740,3,2.0024555629301015,0
icmp,0.7774056254410014,2796,3678,8,2.9640713388352475,0
udp,0.8263124037546239,3949,4136,2,3.5991472711749504,0
udp,0.6950541311181051,4924,4715,9,2.580312312833322,0
tcp,1.61383306573014,5894,2487,6,1.7888148797979417,0
udp,0.7768749869199866,5366,5171,5,2.7546581790197067,0
udp,1.0980375453014461,2480,5681,4,3.348689112233993,0
udp,0.4061177354517621,3151,3576,5,3.637995721246618,0
icmp,0.9326941306667945,3411,4691,11,3.4069839038740577,0
tcp,0.7004736552387373,2980,4216,4,2.1960552419157153,0
tcp,1.1497990356816876,2710,1982,8,2.6629862589278623,0
icmp,0.886098962040208,5059,2878,6,2.3252644248096916,0
tcp,1.2967302250756687,3426,5163,7,4.501550865696001,0
icmp,1.1044735733340367,4798,3072,7,2.810685480216714,0
tcp,1.0605258940532705,4344,3353,6,3.3633896428090804,0
tcp,8.463149883661337,170429,227241,222,18.026640941281997,4
udp,0.4883279105223858,4440,2242,13,2.3272839494461888,0
icmp,0.7607043732814324,6055,4239,8,3.254594577895846,0
tcp,12.932554170921556,206822,104407,220,31.1254431171351,7
udp,0.8365318416078809,5798,1428,8,2.9764891248386616,0
icmp,1.027641679244435,5454,5038,9,2.0532614794874755,0
icmp,0.5588270573304425,4687,3429,4,3.2164001401703666,0
udp,0.0783533670346801,3020,4561,8,2.1828918936701354,0
tcp,1.3923747149623362,6268,2905,11,2.8625433537700986,0
icmp,0.6247621083960453,1742,3259,5,1.5794012464082616,0
tcp,8.790906290790993,96098,88003,207,35.84373947379027,2
udp,0.4867455254123003,3257,4496,11,2.7177910033563317,0
icmp,1.4181087939003407,2374,3069,7,2.080526997661191,0
icmp,1.3366363360497697,3918,2703,6,3.658002344898418,0
icmp,0.19806700610043104,5221,2809,6,2.8121277384430283,0
tcp,0.8156726851025704,1852,3157,10,4.562677778455543,1
tcp,17.516654904147586,121228,140088,280,25.744016952346115,3
udp,0.8344480338585861,4979,4590,6,2.346021633208521,0
udp,0.8343650409138547,5259,4397,14,1.812301000121344,0
udp,1.0666800611795506,5070,2393,8,2.0846861627189623,0
icmp,1.0269626437506072,4039,3775,7,3.5381733843160044,0
tcp,0.8658962486019788,2871,3881,7,2.2213723747903624,0
udp,1.2809691957482299,2799,5588,4,2.3895043656686563,0
tcp,0.9287185375112249,3619,4386,1,2.308384185153303,0
udp,1.1942797182120324,2994,3133,11,3.279564001862894,0
tcp,0.9632652302223991,4164,4322,7,1.1684412955646897,1
udp,2.1965068195699704,162564,73611,299,39.283951314410785,2
udp,1.6980820128364447,5589,3389,11,2.5743292423879236,0
udp,0.37437597493210817,4988,3093,12,2.5914831745574904,0
icmp,1.0486552140467378,6410,5567,1,2.636717335693705,0
tcp,0.6100977093274925,1192,4056,9,2.5767121891729228,0
udp,1.0100506895567996,2648,6163,10,2.954297222464968,0
tcp,1.8941147684084259,3320,4271,11,2.6484692378429604,0
tcp,0.0,3854,3214,6,2.2877471238892686,0
tcp,0.8511971212337289,3368,3796,9,1.5127512923050146,0
udp,0.6700007878080211,4415,4168,4,2.8463986551124636,0
tcp,0.0,4507,3884,11,1.777139747202295,0
udp,0.6520608734637571,2465,4983,14,2.537746331581412,0
udp,1.0262282576200554,5954,3377,8,2.617157910957463,0
icmp,0.2531711686972673,4104,5792,9,3.471404109439179,0
tcp,0.6248899101250177,3180,3433,12,1.7441510037450023,0
udp,0.49030593012583773,4442,3389,8,3.551355317101933,0
udp,1.0459434642112397,4982,5274,9,2.0486989308120718,0
icmp,0.642493055973494,2638,5301,3,2.9415327772108055,0
udp,0.0,3900,4212,9,3.2651920347776944,0
tcp,0.3018348436065837,5310,1759,4,2.902601777141087,0
tcp,1.331125423738399,2224,5250,5,3.374248178384098,0
udp,1.4997975378188033,5719,5421,8,2.5390248047423833,0
icmp,0.25407971109403615,3742,3227,8,3.0200986652067354,0
icmp,0.05505491592733336,4450,5327,4,3.8417488437101497,0
udp,1.1299027264610229,4782,4001,8,1.601899170479812,0
tcp,0.8426915052743816,5267,4629,7,1.8461370738741723,0
icmp,0.057170396092519726,3769,2863,8,3.483989171901464,0
udp,0.1907207463989311,1729,3843,5,1.85071288534078,0
icmp,0.05248971664652691,4488,4614,4,2.122162503845595,0
tcp,0.9912531469535878,4037,3768,7,3.324634009485614,0
icmp,0.514465301898473,1779,1787,7,2.4594771015900947,0
icmp,10.683021363202315,91606,213946,200,26.89526822869153,9
icmp,1.108574527458895,3372,2665,7,3.1754972639410926,0
udp,0.7773473817247052,2944,4270,8,2.8686853415945257,0
udp,0.9806290868388361,2053,1617,11,1.8625117502215085,0
icmp,0.844141199350658,6262,4029,1,3.5548198134341606,0
udp,0.8831991457662552,2766,3025,6,3.5770590695728197,0
tcp,1.1139975457822417,4236,3633,8,3.5190742619925253,0
tcp,0.2975788667062953,2420,4301,9,2.579487174142521,0
tcp,14.432528366080145,133913,139419,166,41.63843632504911,7
tcp,0.6188908275316012,5079,4375,4,3.304037849840841,0
tcp,6.257042403166215,89580,14745,88,33.391707903312195,9
tcp,1.0328073618967402,2542,1804,2,2.4924252062771672,0
udp,0.6290811471551288,4268,4024,6,2.0887306887635426,0
icmp,0.5208492148635689,4635,2402,5,0.67135840806551,0
icmp,0.9743268233554433,4151,1651,9,2.151873629373196,0
tcp,1.3362722100339584,3857,5321,8,3.031113318091377,0
udp,1.2276733975943568,5711,4619,7,0.7478968312640994,0
icmp,1.1092151934786039,3129,4347,16,1.590134253800976,0
icmp,0.9418354291619009,4053,2225,7,1.8517153183573067,0
udp,0.5907931130865265,3978,2920,11,2.6687974977132645,0
icmp,0.31397202401035335,4451,4900,6,2.7773627248213133,0
tcp,0.7970971025067018,4348,2797,2,1.9908098418886442,0
udp,1.105453505306517,3324,4867,6,2.6072582653030234,0
udp,0.6527054374644574,3464,4686,10,2.9489675290039608,0
udp,1.1782318382732393,3592,3632,7,3.0652143277684374,0
tcp,1.474388907805979,2535,4204,8,3.3636224336090867,0
udp,0.5281588249826197,4759,5548,11,3.199813621829437,0
tcp,13.109525509923214,113233,51277,340,14.041040262290085,10
icmp,0.6530744791413714,1906,4829,10,3.3100314110198066,0
tcp,8.520263934191664,114689,154739,438,35.436904453846964,3
tcp,1.0076015478111846,3635,5293,8,3.1084843296768874,0
tcp,0.14780087469865544,1659,4243,14,1.8173397494192538,0
udp,21.36194155008914,126291,176734,87,21.287481452684965,13
udp,0.20528479824757062,3693,4203,7,2.442627367910986,0
icmp,1.2515182644222045,5016,4138,10,1.9340647180365163,0
udp,0.7451754143625013,4556,3397,7,3.0837491105281325,0
icmp,0.5024404024100106,3291,3278,10,0.6121059703302578,0
tcp,0.37531552770127663,3916,4772,7,0.5723423678508972,0
icmp,0.17153826909855008,7817,2051,11,1.7728291274438213,0
icmp,1.1412820632439271,3742,2215,4,2.957237618826944,0
udp,1.230425042683579,4129,4426,7,2.7265688870723532,0
tcp,0.6633385676603093,4506,4869,5,2.3540712562991035,0
udp,0.42862116367687914,5421,5101,7,1.5329842666637674,0
udp,0.5953856158940279,2230,4095,10,2.7482580872673847,0
tcp,0.20965321587587382,5853,4495,11,1.5582713087595659,0
tcp,0.698116427798427,4167,5604,3,2.687728278489435,0
udp,1.0938067387372659,4742,3214,10,2.3698863131269876,0
tcp,13.12215874316342,82544,245371,212,13.223566378513205,7
udp,0.9229845583831315,4894,2594,7,1.6240832706030188,0
icmp,0.5976035387635508,2114,3360,2,2.607676479530204,0
udp,0.7106834949638576,5276,4044,13,1.7326137567795823,0
tcp,1.509253700965421,5129,3780,7,2.0824753879806113,0
icmp,1.1983490544963737,3719,5301,8,2.566547704324223,0
tcp,1.3855623747546195,4159,4069,9,2.532317994123904,0
udp,0.2917186230628771,2796,2972,8,1.9616651834035117,0
udp,1.3534249833763967,2908,3332,5,2.8395121474409755,0
icmp,0.6232666025909476,4971,3384,6,2.8464345400814737,0
tcp,1.166603751983172,4357,3026,5,2.20191186658404,0
tcp,1.6348788758092625,1237,4664,10,2.6380960204428403,0
tcp,0.3260457194617746,1690,6001,9,1.72966432107848,0
tcp,1.76219047364031,3748,3762,6,2.908001343335126,1
udp,1.115312033161172,2578,4867,10,1.8042476792301727,0
icmp,0.6934237263440607,4578,2336,9,3.445898520051405,0
icmp,1.7642846752426324,3272,3823,7,2.6089308810592122,0
tcp,2.195648123856987,3294,4412,7,2.4504764553030225,0
udp,1.1698186564702906,2866,2758,7,2.433173268278144,0
tcp,0.9044350707897554,4198,2747,10,1.9508082790563575,0
icmp,0.3827995542346065,4114,4986,8,2.1405839854908466,0
udp,18.38927608203688,68866,104392,124,23.39192701164752,8
tcp,0.027739753612192164,3714,2944,7,2.1763586012857905,0
icmp,0.8239628113110173,3588,2600,5,3.104937217016551,0
udp,0.7574874041672408,3490,2230,7,3.868877948489523,0
icmp,0.9383605667921902,4719,3383,6,2.275767701343783,0
tcp,1.3863098933793083,2954,5169,8,1.850769399208966,0
udp,0.9036978044808592,2310,5286,12,2.5662204538364244,0
tcp,1.8061306430587551,1374,3017,6,2.523581321535627,0
icmp,0.4088999177995565,2209,4747,8,1.870484143652729,0
udp,0.2462587153923801,3074,3791,11,2.2466866804556003,0
icmp,10.050584982145397,147453,214407,330,25.3061825011438,15
udp,1.4364085086267546,5134,2077,13,2.0871559712120313,0
udp,1.7995754167287314,2710,3252,9,2.927649595992228,0
tcp,0.6539890274778454,3817,3130,9,2.2730606877453576,0
icmp,1.3159726184646425,3676,4709,11,1.5587512616556292,0
tcp,0.1660711213618592,2311,4189,9,2.9677940050425518,0
tcp,0.9132094658030975,3821,3336,9,3.781106674070963,0
udp,1.2951447987367923,3767,3682,5,3.5649640762070716,0
icmp,0.6866171712342173,2840,2621,1,2.381251417934432,0
tcp,0.40172797691735523,1994,4178,3,2.9794494493784764,0
udp,0.5339680377018401,4412,4181,7,3.895392128837532,0
udp,0.4025296303967212,2478,3498,9,2.123348507328939,0
icmp,0.2082510854842725,3852,4338,7,3.6917098017597754,0
tcp,0.6800997185491396,2745,5459,1,2.4514799279451593,0
icmp,1.618687137842032,2103,3149,5,2.2694535176382002,0
udp,0.8071862581157301,2250,4602,8,1.1904584463767982,0
tcp,1.615332053603749,5161,4396,11,2.9276256738189157,0
udp,0.5778818523436373,3800,3728,2,3.413424340391087,0
udp,0.3799569779741999,2682,5907,8,2.569632654459914,0
tcp,0.8589372500248507,2830,4366,10,1.5399036233365984,0
icmp,1.0648687560705636,3345,2589,13,3.595814970484704,0
udp,0.21189221780095502,2039,3359,3,2.308129340642773,0
tcp,0.7578924970794246,3422,3764,9,1.8704890336733568,0
udp,0.7464644019760657,4408,3212,11,2.9384534990966515,0
udp,0.0,105149,142530,208,32.46094103640059,3
udp,1.18050861416241,3952,5013,8,2.0747904202769387,0
tcp,0.7997604773678103,4221,3076,8,3.0340043184032317,0
tcp,0.4114005341246296,3602,5600,5,1.733855660038536,0
icmp,0.8892542859796941,4626,3160,9,1.7918519929778656,0
icmp,0.6735335382431573,4744,4386,11,1.855532641485734,0
udp,0.7711707002984252,3761,4240,10,3.3726004312127196,0
tcp,0.6147371463364086,3964,2827,12,3.1850411479542995,0
udp,0.6151392384734518,3639,2397,12,2.1775720617542556,0
icmp,1.010172259998019,4768,4432,10,2.5128369914756594,0
tcp,0.4216500864524414,4289,2725,1,1.7192228078563752,0
udp,0.492963885706858,4859,5544,4,1.775022704271523,0
icmp,0.3954587314769229,6344,4107,6,2.301323328000291,0
tcp,0.9466118486908148,3088,3340,10,2.8252429790525904,0
tcp,0.5139235074752148,2319,5253,6,3.7318796669391414,0
icmp,0.350191109546163,5381,6316,9,2.7758836583316477,0
tcp,0.7101716125280478,5049,1059,6,2.6158832270372763,0
icmp,0.6843066911545344,4508,4792,14,3.504809220792094,0
icmp,6.187448870755809,74234,268786,183,26.602827886276945,10
udp,0.0,4597,2169,6,2.6161670650559308,0
icmp,0.0,2756,4011,9,2.9416962388016885,0
icmp,0.0,3385,2646,7,2.1979273380215494,0
icmp,0.8560683218817747,727,4446,7,2.984185323504417,0
icmp,0.8597068622520194,3291,4641,9,4.039382055745395,0
tcp,0.7635164642868209,2642,2931,5,2.6497858298346624,0
tcp,12.754972236768396,118560,114296,244,4.68421302743365,1
icmp,0.5208867359488272,3587,4636,11,3.112538286535163,0
icmp,1.0177162538705058,3522,4813,9,0.8373075705382764,0
tcp,0.6486089244155754,4370,4170,6,1.486506298835751,0
udp,0.21392346480885194,2784,4435,10,3.6560089032812684,0
tcp,0.7829968572031517,4887,3142,7,2.3883939973423147,0
icmp,1.1406297001048364,3594,2623,3,2.293781503259631,0
udp,1.4264460381869126,1934,4140,8,3.0386226078408916,0
tcp,1.4060650578904874,4572,5069,5,1.4206092898577414,0
icmp,0.7555324824036612,3556,3799,7,2.4811263391190934,0
udp,1.0981232338970304,3931,3498,5,2.5388503866452417,0
icmp,0.8493042756765656,5354,3067,8,1.4991046854053607,0
icmp,13.478947932535878,160210,153683,276,21.61869326710697,12
icmp,0.44422959173803955,2980,2856,7,2.0695665435963475,0
tcp,1.1598130088311027,5713,3773,6,2.332996017234753,0
icmp,21.146057811655776,117825,120928,288,28.438839642937197,3
tcp,1.4939624765326571,6774,2832,8,1.706683744217261,0
icmp,0.5136630266672224,3555,3359,8,2.6434649929477843,0
udp,8.990590446580455,145625,195504,367,33.49561539579969,9
udp,1.0575977121295903,3680,3234,8,1.8897200948853983,0
tcp,0.8745389452487928,5053,5782,4,2.334969899743077,0
icmp,1.3909640895114226,2718,2135,1,3.8205146266968604,0
udp,0.755729458780327,3521,4140,10,2.2733076934195093,0
icmp,0.01441453731856479,5380,4172,5,2.8515309559363597,0
tcp,0.4457856742289332,3190,5404,2,1.8250903454409142,0
udp,1.0792821527732686,6324,2674,7,2.2726196199426267,0
tcp,0.5853550201915284,3845,4233,4,2.5660286025883123,1
tcp,1.426806335031308,3168,3663,10,1.2382620017352728,0
icmp,0.42657484374327886,4752,5090,7,2.2424088447383226,0
icmp,0.724187145869405,3860,3370,9,1.5774225545482525,0
udp,1.030407865811253,4777,6174,8,2.627513010080526,0
tcp,0.29694950829521427,2006,4888,6,1.903380056777647,0
icmp,0.9605132697340734,2962,3358,7,2.6600467154757017,0
tcp,0.36487960087406734,4151,4911,8,2.799952555623839,0
udp,12.337457085597055,199655,121333,184,44.28309345803542,3
tcp,1.1933564275817417,4912,4423,10,2.2147393260143575,0
tcp,0.8290707516566679,1931,3302,7,1.9655512445882306,0
udp,0.8787950386946645,4625,4184,1,2.4553413719904564,0
icmp,0.858330522633654,4324,5475,5,2.5363909206809923,0
udp,11.76000714527695,116214,182955,188,14.405861808413395,9
icmp,0.9333151253273034,4431,3265,7,2.188351031315214,0
icmp,0.875287952642233,1835,4919,9,2.14763967784883,0
udp,1.2916607322899698,2363,2646,12,3.6777967300420817,0
tcp,4.071206323061084,37262,148742,295,21.197992667099395,14
udp,0.0016336958316048866,4659,1995,8,3.5457396302297637,0
icmp,0.8606346384842405,3323,3880,5,1.3067400582787803,0
icmp,0.7892066534565588,7535,3664,9,2.09626699097247,0
icmp,0.8906694851221987,5559,3936,9,2.6296143892472754,0
udp,0.5648402218003054,4713,4354,5,2.1417031436216725,0
udp,0.3031895002293187,3567,4161,7,1.278769198754554,0
icmp,0.23629332669019032,5496,4197,9,2.7333416228814076,0
tcp,0.0,4093,3822,5,2.343580682822798,0
tcp,0.6573481457499402,6442,4307,6,3.938143817634204,0
icmp,0.0,5543,4776,9,2.039102336430807,0
udp,1.4635369536802965,4150,3450,9,1.3197417482536815,0
icmp,0.4847618152901889,3144,5364,7,3.2562652139497663,0
tcp,0.40398867788106685,1767,2096,10,3.137480625057774,0
icmp,1.367433174458845,6154,3701,2,2.9363117243050083,0
udp,0.542926928809341,1138,3735,4,2.6607659030266038,0
udp,0.20446896163056805,4783,2817,4,1.5699281449527485,0
icmp,0.0,3680,4288,9,2.435696916472825,0
icmp,0.292811067375754,2442,3281,2,2.5432122131894213,0
icmp,0.5528168324213485,2805,1965,10,2.2330198347782053,0
icmp,0.7657282473622351,4060,6632,8,2.425577937461309,0
tcp,1.2306607211552845,3696,3841,9,3.5109220014029816,0
icmp,0.5807439699085014,4764,3107,10,2.354147440457572,0
udp,0.4693211684526365,4351,4549,13,3.529629990324891,0
icmp,0.5402620048447364,2769,5208,9,2.8802987138147857,0
udp,0.6527578422226373,5300,2943,10,3.1542203593400906,0
tcp,0.40872072281042926,4220,3175,10,2.814718003639921,0
icmp,0.0,5175,4575,1,3.394215355856706,0
udp,0.8335970758785334,2074,3513,10,2.854134731817339,0
tcp,0.0,3868,3669,7,2.2131493922484995,0
udp,0.09781142198511894,3476,5588,8,2.685251343995998,0
udp,1.5306270659520687,2748,2301,9,1.9908367431616434,0
icmp,0.6068172520385048,2640,6931,11,2.4395054006919903,0
icmp,1.0460019068282722,2833,3954,7,1.3344438114149655,0
tcp,0.9598086039792189,6777,7535,6,2.327686568510224,0
tcp,0.6877771256192282,4463,3230,8,1.8673215991493888,0
icmp,1.9367105788694632,4822,6289,6,2.0981406208427957,0
udp,0.7304913009339673,4169,4544,7,1.812226150929516,0
tcp,1.026086360467329,5204,2701,8,1.5565478052733766,0
icmp,15.818357867620975,131224,170773,154,14.46082808526224,8
udp,1.3434049735911757,3491,2253,9,2.6419039626011878,0
udp,0.3791077208513792,2868,3170,4,2.8089968745001426,0
icmp,9.354569581185832,175435,249033,156,18.1260301219708,13
icmp,1.0184773841854136,2844,4039,9,2.840059090768559,0
udp,0.6584739086660922,3040,3814,11,1.2232112685084788,0
icmp,0.5581427431097954,4333,5606,5,2.3485999741716914,0
tcp,11.146902488314952,90671,64568,305,37.558650539587404,6
icmp,0.21753039950597297,5284,2580,8,2.76442541817698,0
icmp,1.920459608268739,4795,3477,3,1.7295966131730829,0
icmp,12.624413824885899,101661,187055,178,19.073483747381495,17
udp,1.0603604529858932,4433,3781,5,2.9427647569375153,0
udp,0.5274293315738521,2544,4348,10,2.5746140248613076,0
tcp,0.810557969891478,4168,5562,10,1.0924903198801283,0
udp,4.676673260786057,95933,283051,129,26.07675522923495,6
icmp,1.5266500124428006,4168,4836,3,2.1983522180879556,0
icmp,0.9728344663211963,6058,3677,13,3.038831421368341,0
tcp,1.196226767767362,5100,4813,13,1.7926587776060063,0
icmp,0.4209344383752891,3926,2414,9,4.139220143527254,0
tcp,1.5571808477004496,1872,6438,7,2.568779481635173,0
tcp,1.1122159570277501,3629,5357,9,3.490219115589907,0
tcp,0.45289059134640447,2776,3963,10,2.53985039016827,0
udp,10.527949765086587,81891,243401,191,22.451781953795418,14
tcp,0.4661282845943569,6169,3419,2,3.535899091578343,0
udp,0.9553700592823058,1637,2492,10,3.029341731962004,0
tcp,1.361829467984653,5889,4182,10,3.97963495254334,0
udp,9.044707410820601,145103,34810,130,23.21071852098038,4
tcp,1.0187452540625428,3019,4169,7,3.242964290793142,0
tcp,0.0,3760,3482,9,2.4236585104996204,0
icmp,2.8751432428956907,141235,102984,216,16.65282472579952,16
udp,1.3723067318630768,3080,5678,9,2.6124539262738424,0
icmp,0.8138557961682511,2870,4042,8,2.3979745285160092,0
udp,0.4386815676204028,5708,3424,6,2.5307811486080745,0
udp,0.6027810947182486,1953,2895,8,2.4565871259044947,0
icmp,20.802477976613762,197179,162564,261,39.946353406427754,14
icmp,0.9925633719121287,3599,4308,7,1.4607142360539185,0
udp,1.9759139769764555,4618,4009,7,2.6717450066847714,0
icmp,1.8586153099746754,4878,4106,10,2.13525891234369,0
tcp,0.47223186482399143,5151,4728,4,2.349433442789065,0
icmp,13.724723543636015,145001,220725,192,17.06969078563615,1
udp,0.4343603166232411,4379,3853,8,1.9794432279859162,0
udp,0.9031006204744347,4335,3528,8,2.7734549986122614,1
icmp,0.2593769272822344,2083,3633,4,1.5708448938595434,0
udp,1.2094998200643579,4686,4286,7,2.3829990946143638,0
udp,1.5851380544179685,1725,5532,10,1.8867493616723856,0
tcp,0.7454705369483658,5128,3656,9,1.14453487218219,0
tcp,1.2517565531279782,5079,3516,7,1.8659236059345385,0
icmp,0.9358390158822834,5505,3572,5,2.091801604660593,0
tcp,1.806555699935263,3069,3601,6,1.9947060292746004,0
udp,0.16089930681293374,2636,3163,1,3.1333876016584394,0
tcp,0.6352065993539296,3972,5334,7,2.8979718681521414,0
udp,1.344905973765627,4842,3222,9,2.91018814637762,0
icmp,0.11409666487134751,3919,2449,7,4.275743315702221,0
tcp,0.8285709438724751,6734,3551,10,2.8625642176746733,0
icmp,0.5861026496906445,3269,4341,14,2.0324798982547025,0
udp,1.516363665322427,2680,2856,7,1.975201824872522,0
tcp,0.9794041610566167,6073,2586,14,2.143371802599994,0
icmp,0.6206830991093282,3499,3836,12,2.8648602712912057,0
udp,0.8251164388188293,3632,3334,8,3.414310266833755,0
tcp,1.1594186967223519,4256,4184,1,2.3108246897680633,0
icmp,0.8730844308680328,3082,5034,6,2.0881839923027647,0
udp,5.261946277348591,121608,79774,307,29.330968454984347,12
tcp,0.31858555432337127,6186,4448,7,1.7574532124735502,0
tcp,0.42190820437157917,5135,2391,11,2.261743413293911,0
udp,0.22499112520859355,2152,2530,10,2.3651314913156494,0
tcp,1.2211720560586854,4405,2634,9,3.3618073917343585,0
tcp,1.0978634408080343,4639,3229,11,2.5671799912037327,0
tcp,0.3438329963622669,3981,2439,12,1.5302661992869382,0
tcp,0.600514218998782,4962,4192,4,2.902304779120044,0
icmp,0.7015729490985364,5220,3994,7,1.6658384550811087,0
icmp,0.7643254298065693,4634,4644,7,2.440310042961362,0
tcp,1.321178694007703,2353,5636,7,1.7734571645593262,0
icmp,1.0825889566716227,4700,3095,1,2.297766658964492,0
icmp,12.915352571228066,116481,55458,237,30.4063157766846,7
tcp,0.0,4748,2101,4,2.474664998468731,0
udp,0.9303174986452112,3326,1325,11,2.7620135007182265,0
tcp,0.6671769604284292,2003,5022,11,2.7374936477132863,0
tcp,14.048323220271957,137572,214805,274,29.724691775072685,14
tcp,0.9482008686850787,2860,5024,10,1.0580953927657095,0
udp,0.4980721940305789,3276,3787,2,3.6818072049261814,0
udp,1.773013967337668,2920,2240,2,2.6822260291279107,0
udp,0.9865921468133353,2836,2735,11,1.9002137243483983,0
tcp,0.797820062599154,3673,2789,1,1.9431606376287818,0
udp,1.0272514999301097,5114,3172,4,2.416403517742469,0
udp,0.4342509490584516,5314,2699,6,2.1387969338988455,0
icmp,1.3335693181518877,4909,4283,7,2.923531094361483,0
icmp,0.6417227567782339,3431,3783,14,1.9624511996180343,0
udp,1.1681386649877583,2389,3664,9,2.065483478253248,0
tcp,0.9839955039212163,5604,4269,3,2.458012199329609,0
icmp,0.9048174661223274,5760,4670,6,2.672266354013025,0
udp,0.8535365127376914,3308,4075,13,2.6844410965462138,0
tcp,0.7455589010808562,4138,3489,12,4.156958622454825,0
icmp,0.861575575065182,2723,3833,6,3.4134445792279986,0
tcp,0.458551060617336,5389,3380,8,2.017125570912548,0
udp,0.7008206707164155,6048,2914,5,2.2197442272124306,0
tcp,10.741069989625842,103356,174210,220,24.00751613426674,3
icmp,0.7411594978465768,3479,4458,7,2.327709123873596,0
udp,1.2918457355067905,4027,2684,11,1.6945110990762031,0
udp,0.6211010269810799,4247,3565,10,2.316767526670949,0
icmp,0.09474028182032579,4391,5713,1,3.163809474452524,0
tcp,0.8842920842422692,5456,3851,11,2.3442783191528695,0
udp,1.1992542635823271,5197,4260,9,2.9307603023506976,0
icmp,0.4615899291624633,2703,3213,7,1.8463868241911223,0
icmp,2.271298154067135,4612,4026,9,1.9889928599328337,0
udp,12.038995254593813,96086,106831,179,35.094497542559324,4
udp,0.7148896568752243,3401,2415,1,2.7152068239335203,0
udp,1.3860417579177633,5882,4810,10,4.869725428346909,0
tcp,0.7590785653032018,3889,4421,9,1.9883480788252939,0
icmp,0.6820377086007313,1847,2636,7,2.1855249692381182,0
udp,1.332002473211799,3351,1700,9,2.3019034189297902,0
tcp,0.5565223225070232,5856,2851,10,1.6047759087684417,0
tcp,0.4390603597374256,5227,4373,12,3.2102997096697763,0
udp,0.5080875674159135,3358,4003,14,2.926447675113445,0
udp,1.185198830865763,4451,4563,5,3.555077045742535,0
icmp,0.5000809954059204,3198,3850,9,2.7574287373856095,0
udp,0.9384000469221386,4337,4903,6,1.9206327137751606,0
tcp,16.052067018035476,145806,165173,263,25.353857243952866,5
tcp,1.5777910811572935,2545,4350,3,3.198377090096691,0
icmp,20.647780848290232,131576,112578,310,6.973864719710274,8
tcp,1.1824295364475237,3065,4024,4,2.6451616524891053,0
icmp,17.5710855698996,131951,169264,161,29.200518755871197,14
udp,0.5114280867889364,4427,4677,7,2.6508508424335306,0
icmp,0.40734784950288866,4212,3216,8,2.778496808419062,0
tcp,0.9667984464317452,4324,3070,8,1.427694141625087,0
icmp,0.5412925345390045,3401,3332,10,2.504648042477994,0
udp,0.4755415828232072,2678,4186,6,2.9712355222149904,0
tcp,0.2765485746907719,3164,1710,9,1.9478214252296875,0
icmp,16.347167013746038,168616,180638,246,26.04624314116464,12
udp,16.960253549978894,188449,61112,354,27.604076975731157,8
udp,0.505932748698452,4546,4188,10,2.735523918954872,0
tcp,0.1499288791585307,3182,1908,8,2.471126480848318,0
icmp,0.24241252672922642,4251,3733,2,2.1176479272990094,0
udp,0.45805267313575254,4114,3914,4,2.0824928750528597,0
udp,0.576906419749737,3493,3281,8,1.5392828690688791,0
udp,0.9213533294456058,2459,3440,7,1.6711869388840461,0
tcp,9.816241041967686,143108,138127,307,39.15804579720691,13
icmp,0.7903132931925617,143,5251,2,1.9901839190664576,0
icmp,0.5063327344050585,5363,3316,2,1.7410258685604334,0
icmp,1.0754048734157164,4173,3298,3,1.5252952499050099,0
icmp,8.678880835450467,126465,178245,255,38.399864443769104,11
tcp,11.375810579489023,150748,125017,199,32.22635014274803,4
icmp,1.1398447342373532,3165,5331,10,1.7401979602861748,0
udp,1.0751830657688233,3897,4288,11,2.169714816211712,0
tcp,1.0349259160405186,4038,4609,4,3.162585418652641,0
tcp,0.0,5742,3837,4,2.611531744696397,0
tcp,0.2750883535652533,2211,5131,8,3.331302441244964,0
icmp,0.869786086829045,4727,5097,4,2.1314010552052514,0
icmp,0.0,4361,3103,10,1.6313333871078446,0
tcp,0.980912973199213,5667,2196,5,2.0711511451579545,0
icmp,0.41893117610321456,3192,3686,9,2.1828127708109637,0
udp,1.0003391221521842,1977,3152,10,2.764262482879719,0
udp,1.1944257020519289,3610,3523,5,0.01,0
udp,0.7025525099757073,3263,5443,4,2.709681115989745,0
icmp,0.062159590807741916,3880,3688,8,1.8299979118274687,0
udp,1.586419636083813,3615,4587,10,3.063375336793314,0
tcp,0.7822608102007286,2770,3677,11,3.7483060389979483,0
icmp,0.7324296131014426,4342,3016,4,2.2494015329406767,0
tcp,1.6314405418504132,2919,6662,12,2.730307278554809,1
tcp,1.093772371337356,4760,2944,5,2.6827014097891886,0
tcp,0.06106541248194619,5214,2783,6,2.105340714122667,0
icmp,1.415795621614663,2487,5510,6,3.8749976177262284,0
tcp,1.38934634444004,3858,3122,16,2.283943047160266,0
icmp,0.4418921708514866,6191,4684,6,2.7476875993044243,0
udp,0.0,100230,294525,389,40.3500780114885,2
tcp,0.0,4938,5321,7,3.6505480570601287,0
udp,0.6580916956284497,4332,4619,2,2.151579450609966,0
tcp,1.0092841173227192,3768,2866,6,2.4094597536838993,0
icmp,0.7395628421571983,2412,5104,7,3.0898822116410285,0
udp,0.09558898603474386,5766,4831,12,1.5599772556113298,0
tcp,0.0,3966,4099,12,2.583600815422473,0
icmp,0.7572447095172498,4191,3605,6,2.6344822156550802,0
icmp,0.9349200661458257,3601,5939,5,2.914412258824415,0
udp,0.0,3810,4360,10,2.499076401330151,0
icmp,0.9554448716235431,3593,3499,1,2.0280783852604136,0
tcp,0.7527646573489086,2337,4293,8,2.8699440436545847,0
tcp,1.4840586063335492,4124,3031,8,1.203213127982877,0
udp,0.8664051846894235,2189,3319,6,2.645221533922826,0
icmp,0.8358100062658369,2265,4465,7,3.1200157873305416,0
icmp,0.5880742245616534,4054,4795,7,2.8089277049175614,1
icmp,1.0530813346172743,3205,4834,13,4.056108275983682,0
udp,0.351799338120089,4209,4470,11,1.916025961230452,0
icmp,0.9385730355385498,2649,4360,14,1.667886176126965,0
tcp,0.637634312097658,419,4058,3,3.102295637663979,1
udp,0.2671090792305745,4118,3378,10,2.8501085838209583,0
icmp,9.091864705534789,133440,158407,413,5.732003954682085,7
tcp,1.15677625349259,5552,2620,9,1.4811562198367623,0
icmp,2.1847504488522427,2103,3954,11,2.632700354707786,0
tcp,0.907318778691161,4320,4683,9,2.4578113161401722,0
udp,0.46450522134249894,79681,126768,164,18.05290543023279,8
tcp,1.1427898797359077,4159,4374,7,3.0305176724188057,0
icmp,0.08468238559748698,2461,2819,8,3.34654920564552,0
icmp,0.041315838219325274,3352,3173,9,2.680537596258337,0
icmp,0.9418488578066161,4621,6577,8,0.8984706304102872,0
udp,0.7527536991654371,2599,3898,5,2.279089806327979,0
udp,7.845727711036932,127190,180047,183,40.00049766063782,9
udp,0.0,5516,5742,10,2.341618156863872,0
icmp,0.39691063994158166,3708,1999,7,1.7400893411620304,0
udp,1.1736091256765757,3885,5832,10,2.732033366847796,0
tcp,1.055633041950359,4748,2968,8,2.8956613530019975,0
tcp,1.4430134871586957,4379,4906,2,1.6340018166623396,0
tcp,1.118541171271137,4637,2585,1,2.3050420902461877,0
icmp,0.06273801001712376,2846,3482,5,1.72118021649805,0
udp,0.8170444289751527,5048,3013,6,1.5598462790041103,0
tcp,1.8346216382950313,81320,125445,236,22.68909804873912,15
icmp,1.0954984437795505,4878,5126,4,2.2524751045336693,0
udp,1.4954527004381002,4045,3972,6,2.456599658244675,0
icmp,0.8685311946664187,5865,3905,12,1.5227752513301556,0
tcp,0.3771439603614872,4435,2343,3,1.6620630287244962,0
udp,16.763608803350884,84579,95330,237,22.928667871322588,3
tcp,0.728661568504283,5148,4262,9,2.063608667155705,0
tcp,0.8936424838130136,3718,3181,9,2.8531057604781602,0
icmp,1.1929801795494452,4329,3661,8,3.0788539566933704,0
udp,0.19335824855998407,3846,3741,8,2.5884679349279494,0
udp,1.3666340106549633,5266,4444,5,2.1370349269024365,0
udp,0.9418078826378771,4304,4558,15,2.8384795602501023,0
icmp,7.9493034403781415,155035,205816,268,36.237270161158975,5
icmp,14.111745431730833,244430,241137,336,25.319342251155255,13
udp,1.3406517493186128,5356,2573,9,2.1169658543645493,0
udp,10.750174570654943,111555,239069,290,53.80233384364341,6
icmp,0.3766084240045264,4141,4037,10,2.9406467868269943,0
tcp,0.8985480079160961,4696,4380,6,2.358704361405241,0
tcp,0.023180297902440694,2798,3901,6,2.8020825921262547,0
tcp,13.352463263931767,76603,130669,345,21.831402412680305,3
tcp,0.4305162405150728,7279,3261,6,2.989599612025714,0
tcp,1.8324102238452706,3449,3756,7,3.465780431465456,0
icmp,0.7990273522577872,6301,4859,12,2.632013208118411,0
tcp,0.0,3885,2649,4,2.314746774467716,0
udp,0.4235647565610955,1514,3705,3,2.55048039512636,0
udp,0.5698569796818174,3484,2693,4,3.475638698409773,0
udp,1.1322554515881524,1624,4020,14,3.296438771965172,0
udp,1.2921117738183316,4128,3425,8,2.6889192714656556,0
udp,0.0,5860,3739,10,2.3873995754645048,0
udp,16.11589668497999,132075,211113,122,20.699408427446343,8
icmp,0.5044444895437135,1752,4407,5,2.2024486914385752,0
icmp,0.5831214047472277,4087,5794,9,1.8299729422773454,0
tcp,1.2857061624593062,6711,4682,4,3.8056398015057633,0
icmp,0.705767946062012,4047,3268,11,2.7510028741093215,0
udp,1.3419156613708978,4916,3738,11,1.8651199467040414,0
tcp,3.2506073548081087,102404,94657,223,16.607082889225225,20
udp,0.7846978391470152,4351,4494,9,3.1796501362158662,0
icmp,0.833194372725367,4209,2302,8,3.942428980752931,0
udp,1.1503665649187582,3553,5210,9,3.357568951337006,0
tcp,8.425546897669335,165489,102634,218,23.990480916012935,6
tcp,1.0995177814359893,3530,4282,4,3.7454124120005763,0
udp,0.8712321668811068,3696,4655,9,2.4010180531526872,0
tcp,0.6373333101004685,4649,4544,13,1.1783417920096186,0
icmp,0.0,4752,2976,1,3.620328994856743,0
udp,1.31514990165049,4630,2908,10,2.669220695500041,0
icmp,0.994457213260999,2920,4118,8,3.039338677062755,0
tcp,1.0883203546214266,2012,3513,10,1.7738420217631519,0
tcp,1.3030041777070271,5744,3948,6,3.7645549305564345,0
tcp,0.8208927288643175,3918,3548,13,1.7890810716002492,0
tcp,0.9145973612751719,4437,3598,5,3.4682267538408413,0
icmp,0.3028162232785462,3280,6394,4,3.955841591230813,0
tcp,1.1271892030054271,5029,2241,8,2.8423359404068935,0
udp,0.40506852730188203,5872,862,12,2.5515974039538514,0
udp,0.8811870948992133,5624,2747,9,3.164648571311856,0
tcp,0.6139630711368729,3150,3865,15,3.0321039369146736,0
icmp,0.5870017152787316,2552,2993,8,2.5766259169093098,0
tcp,0.27206736297462497,4722,3954,8,2.2865351978051724,0
icmp,0.20222831875081093,2927,4655,7,1.4610841872538902,0
udp,0.8033996997589585,3011,3525,9,3.412573799187867,0
tcp,9.386858474599677,6212,109389,276,22.00493245974633,5
udp,1.2418222462321062,3214,3410,6,3.4845998680264354,0
icmp,0.0,2281,3732,13,2.9534892058302384,0
icmp,0.7824916613897611,5319,2366,9,2.3486866714577914,1
icmp,1.542471423748497,1787,4608,13,3.293775553248737,0
icmp,0.24676182823444381,4211,3048,13,2.781847526338625,0
udp,0.7798791351731891,3095,3455,12,3.227351278161752,0
udp,1.869382099898904,3634,2964,6,1.8649153063036001,0
icmp,0.5711225012669556,3277,5684,12,2.9029978495602684,0
icmp,0.30241149097292364,4923,2992,5,2.831547164827193,0
tcp,0.7778068508155883,3698,5124,6,1.9441752164488117,0
tcp,1.265224215449034,3788,2820,5,3.324135975485211,0
icmp,1.6004130563655643,1063,3909,7,3.349514703537139,0
tcp,1.5763374166887454,5717,4375,9,2.2576093444631855,0
icmp,0.6201518843228762,4212,4454,5,1.2760886849352329,0
udp,0.7100486275939555,3060,4098,8,2.4808377960784718,0
udp,0.8997409224600369,6460,4680,7,2.6947870014619246,0
udp,1.0126254575344749,3826,1924,8,2.6627611799361066,0
icmp,0.9495710150242451,4350,3392,5,1.850947581856385,0
tcp,0.28254166160402283,2722,2531,7,2.9351011081208687,0
udp,0.6256579180878912,3164,3674,7,2.6029457435381067,0
tcp,0.5910020487921098,1300,3079,1,4.142433070959989,0
tcp,1.5210013645815954,2457,4508,8,2.324439113709176,0
icmp,1.0030612942726493,4121,3079,14,2.8991954243894864,0
udp,18.137094679935622,62207,226185,221,16.914009780422553,14
udp,1.2952391638465004,3804,4615,3,2.7512401399467588,0
udp,1.305386389025763,4949,4644,5,2.2061811674280745,0
tcp,0.9065131261917013,1960,3088,3,3.8594148576908425,0
udp,0.9088983968808241,2574,3559,9,3.1935238679773277,0
tcp,0.438322478243043,5321,4498,8,3.3211875120835135,0
tcp,0.8134469471097006,3608,3928,12,2.4599583593563534,0
udp,1.6416717476957983,4796,3798,7,2.7820039679866664,0
udp,6.120960784242272,99008,201691,206,38.50914153554455,5
udp,0.3015808968632207,4148,4084,13,2.786529094624088,0
tcp,0.6918169968262232,3639,4038,6,3.7712859124685165,0
tcp,0.0,3538,5256,11,2.724814557925422,0
icmp,0.7776859579098909,5213,2243,4,2.3538095656686386,0
tcp,0.8268175634721873,4175,4242,5,2.4866930247956174,0
tcp,1.3497096420333832,2140,2877,10,0.8348824859520105,0
icmp,1.3415864830361264,2515,5134,9,3.3122350317626905,0
udp,0.0,5065,5848,6,1.4733530476242274,0
tcp,0.572106815315934,3267,3332,11,1.721527160867694,0
icmp,1.0413091582041036,6027,4587,6,2.661739865618915,0
icmp,0.5974351716669305,3246,3666,5,2.3178721720926543,0
udp,0.6450024912814261,2641,3322,8,2.001416023811551,0
udp,0.7311759349280246,1714,4852,8,2.7204011312009913,0
icmp,1.1703592318369707,5574,1653,7,2.051199658123827,0
tcp,0.7354546632785748,4466,3526,6,1.4517416290287875,0
tcp,0.12832022213138616,3659,4537,5,2.9518552539034477,0
udp,0.24388467656693857,5016,3915,10,2.8338685403714905,0
icmp,1.5553286969874949,2648,4492,10,3.427641953731814,0
udp,0.3824739707900531,4524,2516,6,3.472053170831071,0
tcp,1.140286069307877,3725,4787,10,3.324238805957094,0
udp,12.141288681806861,31977,122691,348,11.87845647383276,6
icmp,0.7148076087482697,2336,4334,5,3.783116241237862,0
tcp,0.0,3939,3198,8,1.9601497472017715,0
tcp,1.0767078332783566,4706,4184,4,2.271990925901392,0
tcp,0.5973929342941647,5084,3555,10,2.063950764815796,0
udp,0.4977645167096825,3062,3862,3,2.6499634057517123,0
icmp,0.91421759420265,4598,2786,8,2.403333587327302,0
tcp,1.1640021509355176,6104,1987,6,1.755972872090687,0
icmp,1.4420756763974605,3823,3469,7,3.438375523607696,0
icmp,1.0199324982874276,4021,5096,7,3.993457399850377,0
icmp,0.9366265814082677,5297,2812,9,2.704677975107701,0
udp,0.4482159541984844,4412,2714,1,3.4660906265199296,0
icmp,1.2275671319537798,4732,4820,8,2.0465315201050247,0
udp,1.299457306101947,3097,4037,6,1.7319613886667997,0
udp,0.635925244208259,3901,3433,10,2.4976367138405813,0
icmp,0.2225075444643163,6235,3628,9,2.256883587674451,0
tcp,0.0,5623,3521,4,1.8137918903232402,0
tcp,0.9750815267571384,4882,3665,10,2.7085982327014446,0
tcp,0.43429186343465886,6136,3883,4,2.4722556544771255,1
tcp,0.6046545490791089,5320,5089,6,4.242151783057938,0
icmp,0.5627622104890989,4027,1862,14,3.1838861062659767,0
tcp,1.5555838498275403,2944,742,6,2.6865462388783103,0
tcp,0.6153010319481969,5939,2612,9,1.6869355275548377,0
tcp,0.6635440587949716,3899,3706,8,3.2865549776602694,0
icmp,0.0,2643,4285,10,1.765020080630243,0
icmp,1.2477258971485925,4523,6415,12,3.07587495844525,0
tcp,0.8575362492890004,3760,3786,8,2.7054797711230005,0
icmp,0.27536425469419834,4880,3674,6,2.7010704722917565,0
udp,18.704708361036474,124025,140617,269,6.0222181918632955,8
icmp,0.6907518024010969,1923,3839,3,0.6729328586221979,0
icmp,0.0,5464,3212,6,1.9055526887427425,0
udp,0.9973321074753879,3210,4083,6,1.8483519486406363,0
udp,0.5713202641390587,1843,4100,9,1.82666621608728,0
icmp,0.0,3130,4062,10,0.7738586448639928,0
udp,0.8183237222160916,2148,3791,2,2.4738604221489657,0
tcp,0.45019830927768667,6934,5742,6,1.6573323497684083,0
udp,0.8449163678782556,3950,4148,6,2.199335273149859,0
icmp,0.21950743406376816,3409,6028,9,2.5429774498869686,0
tcp,2.280079270695614,2742,4866,7,2.245400686801234,0
icmp,0.0,191471,184566,231,36.65145309345493,5
tcp,0.6930986444861633,7037,3191,6,2.296299047897618,0
tcp,1.083048935062942,3714,2798,6,1.7958338016275075,0
icmp,1.0109380120200242,4807,3391,9,2.9909395204935363,0
udp,0.39413686032127576,3982,2622,9,3.3527224001053346,0
tcp,1.0737147427294387,4054,3766,7,2.9978865687983776,0
tcp,1.6474788498846995,4242,4456,7,1.7522945958792993,0
udp,0.9820444195114348,4031,2707,10,3.0098202696101075,0
udp,1.5991828016992908,3129,3566,9,3.3738142399504665,0
tcp,0.7178856303761518,5093,2706,10,3.01358317741328,0
tcp,0.2468857862985948,3224,4991,6,2.870728893155853,0
tcp,0.6251108421151299,5226,5254,8,1.3466712875186748,0
tcp,0.8154907792064059,3176,3242,12,1.8466971044625644,0
icmp,0.5716987463678038,3808,3975,4,2.5258092561967036,0
icmp,1.1582920884008174,1776,5374,5,2.725956773054211,0
udp,1.3962203267431872,2721,3752,6,4.233591748858612,0
tcp,0.8251699714600952,4063,4870,8,3.8486022824437764,0
icmp,0.2574790767240217,3898,4102,6,2.7332901629096944,0
tcp,0.5781474580924167,3032,6160,8,2.561373577296015,0
icmp,0.7213979972007187,3641,6122,7,3.579100224296445,0
tcp,0.5315527713681036,4201,3857,7,2.430826895915299,0
icmp,0.9400608752163874,3464,6629,6,1.9568548207343512,0
tcp,1.0349207703817112,3061,4081,8,2.525104883573845,0
tcp,1.5097974035522044,2432,4004,10,2.460123005432002,0
icmp,0.8242320492868903,4434,2114,10,1.93164230246871,0
tcp,0.0,4712,4219,8,3.1746439882728046,0
icmp,0.6948075250797014,5470,2731,10,2.569929426761616,0
tcp,0.3493685730644726,2598,5078,6,2.030521724938276,0
udp,1.5948351038314303,3202,4505,6,1.7643206969590848,0
tcp,0.4790176369745264,2814,3053,6,3.080514642829131,0
icmp,1.5516528308437723,4044,1833,4,2.9187171043046813,0
icmp,1.0457990525019007,4313,4738,12,2.906718888493242,0
icmp,0.6489331322107926,5837,6119,11,2.0233875752728676,0
tcp,7.887483045895242,155346,113254,89,2.7497286472017706,4
udp,0.9197259514027488,4962,2490,4,2.251995080145861,0
icmp,1.1146154674113473,4947,4115,5,1.6752591660641487,0
icmp,6.126904826702269,96095,151520,284,24.94897076151074,17
udp,1.518147560636954,4417,2661,5,3.259703010646124,0
udp,17.869875152600066,186319,151462,352,26.53443541748955,13
icmp,1.5016832445003523,4023,3409,11,2.1249112443835236,0
udp,1.51381496686779,3897,5025,10,3.8846528814439143,0
tcp,17.82050131789411,106847,175425,254,10.4453450441848,5
icmp,1.1348454898117721,1914,4032,10,3.1956067883805694,0
tcp,0.8941828242709748,3724,2037,10,2.7814885674667673,0
udp,0.5537208327762387,4773,4675,7,2.6722716348216675,0
udp,1.0813810534102197,3342,3184,5,3.00011056876886,0
icmp,0.6436811083332215,4706,4767,10,2.0355612564355927,0
tcp,1.2024744560399658,2783,4540,9,2.686894291337011,0
icmp,0.0,3667,4982,5,3.7118292448159256,0
udp,0.5393312552217931,3114,2044,12,3.00084405778954,0
icmp,1.6392549307375335,3871,4087,8,3.6437263091873713,0
icmp,1.0840232426379504,4889,4545,9,2.13223443998988,0
icmp,1.4029865704957643,2776,4911,5,2.847459891335674,0
icmp,1.4246193815332178,3867,2994,5,2.0869919581455187,0
tcp,1.861699074173389,5688,2707,9,2.261975943536109,0
udp,0.03643485513620737,3766,4757,9,1.4230878477371096,0
udp,1.1646071731315417,5783,3417,9,2.5952000948405285,0
tcp,0.8270158826067097,4234,4452,6,3.5812686446404536,0
icmp,0.0,4363,3948,5,3.1265967358670776,0
tcp,0.9339507004096561,3374,3726,8,2.150385744328757,0
icmp,1.9037132054625598,3148,4975,6,3.325406507325246,0
udp,9.127977563042137,218655,37988,301,15.758598577446923,3
icmp,1.2690740828196119,3402,4266,5,2.5591858719860956,0
udp,0.34663985873524683,2663,3637,8,1.989697907685795,0
udp,0.862637809739384,4419,2901,9,2.4286439425329966,0
tcp,1.236473025016342,4050,5893,7,2.5323390026106876,0
icmp,1.074488760353641,5812,5145,11,3.174978608624852,0
udp,1.2539738579159063,4185,3753,12,2.8528889625464817,0
icmp,1.0800228656171438,5120,4261,9,2.154247076587379,0
tcp,0.8514970560248152,3955,4614,8,1.6900243662157348,0
icmp,0.0,5130,5936,11,1.1412771758869251,0
udp,1.0063392569334384,2948,3573,8,3.365021344810108,0
tcp,1.1133294026665623,2294,4488,9,1.7311425453878613,0
tcp,0.1166405430772407,3343,3989,8,2.1593825245926572,0
icmp,13.00123768574792,104405,117822,411,19.97052388959477,3
icmp,0.5059136366570666,2083,3068,4,3.1567781082027384,0
udp,4.097984454375933,115683,170896,166,43.11382444299392,7
tcp,6.541757148684133,98775,125004,303,11.225341592170771,8
icmp,0.9496483664554882,2225,3269,5,1.9695630803606619,0
tcp,0.39480144955865426,4277,3457,7,1.721654395946688,0
icmp,0.0,4538,4213,14,3.9209856632846547,0
udp,1.5892934678543151,4479,5133,12,2.6204028931267622,0
icmp,0.0,1916,2622,7,3.0428544855562865,0
udp,0.723428302735302,3012,4533,6,1.7232094840133807,0
tcp,0.7877251221541461,7902,4267,10,3.196698365592881,0
icmp,0.4800778657855436,4476,2546,7,3.2884574742548685,0
tcp,1.410108272535596,3170,2069,10,2.0929702529598697,0
tcp,1.12472992997904,2683,2695,3,1.5829847783422495,0
tcp,0.9472082248423539,4138,3300,10,2.7332681841753748,0
udp,0.910683065764342,5153,3954,10,2.0012173500978467,0
udp,0.17167267137811626,2709,4565,10,2.174776800141724,0
udp,0.0,3215,2652,7,2.8810969110635054,0
udp,0.83962653732762,2975,3985,9,1.7036291174331724,0
icmp,0.067519020244585,3556,4331,5,2.4121698317442504,0
udp,0.0,4093,4941,10,2.8775617403806746,0
udp,1.8798967127975696,4837,3765,8,3.5303255948200416,0
udp,0.0,4870,3195,11,2.19651193365701,0
icmp,0.5913319196280034,5121,4348,9,2.1409999262096013,0
udp,0.9131446806764995,2720,3374,6,2.9926300676786712,0
udp,0.4835515706382407,5221,3472,5,3.746181151167484,0
udp,0.302340508201656,1717,3237,14,3.2663944093885133,0
udp,1.5327442637486142,5157,2103,4,1.8392398186339123,0
udp,0.10063031949420198,4798,2034,8,2.74630889547828,0
udp,0.9028001815332652,3675,5017,5,2.785642275104337,1
udp,0.2639431469660174,3506,3499,6,2.8093521672206903,0
icmp,1.0674029816820565,5587,3999,7,2.3141475584604714,0
udp,0.33375967869106116,5661,2930,10,3.5992902193570826,0
tcp,0.06725502356762159,3874,4521,9,2.5934413947676944,0
icmp,0.668629548474876,4700,2692,12,3.328260990259341,0
icmp,1.9541834460198921,4606,2858,11,3.6319374976800676,0
icmp,1.1158777248119942,4176,5811,7,1.8636338922344144,0
udp,0.8529109748289043,5454,4431,10,2.1530111946418726,0
tcp,0.4855381518665335,4721,4918,1,2.1766167826139857,0
tcp,0.8039703398052117,3764,3089,9,2.2250772440975912,0
icmp,1.400123902711825,4376,2481,6,1.7956452044537519,0
icmp,1.1881329907614646,3460,3648,10,2.1318219974357846,0
icmp,0.6356120548256146,3894,1627,5,3.0501283965548107,0
icmp,0.8493194222832384,3251,3885,9,2.491871449387561,0
tcp,1.0248913186636694,3094,3724,7,2.7033318002381046,0
tcp,1.0789943011438237,6107,3996,10,1.9120956450973816,0
tcp,0.11084473574191867,5751,3042,8,3.4516783756211136,0
icmp,1.2226812581079374,5744,5352,13,3.677496529541732,0
udp,1.323249053986868,4108,3777,11,2.7719296185524547,0
icmp,0.6470262046568904,2397,2855,6,3.126733043336015,0
tcp,1.5812311165467818,113975,134992,239,24.56197787256168,10
tcp,1.1031931403734567,5583,5270,10,1.8253468359926575,0
tcp,0.0,4526,4170,13,1.5768904356080418,0
tcp,10.333287305626751,157917,178308,225,15.732092402038864,3
icmp,0.547451158378361,3462,2483,10,2.1793426508559977,0
tcp,0.5337873855090116,5224,3073,2,2.0558402778702036,0
udp,1.1150744818991283,3045,3786,3,1.811771614240814,0
tcp,21.37516873943092,63960,206051,301,35.08950731068,11
icmp,0.8826381202814281,3174,4126,9,2.7837741509325538,0
udp,0.5516819720517857,3606,4295,6,1.9419069597226002,0
tcp,1.2140877576060254,3264,4200,8,2.581846449373405,0
tcp,0.7027266925760247,2796,4088,11,2.6720694188837677,0
udp,0.4466115722033855,4944,3536,9,2.809478562308366,0
tcp,0.8999645968718899,5067,4380,10,3.6705095767231963,0
tcp,1.042879274866408,4193,2951,4,3.1043972463562115,0
icmp,1.257793976873147,4862,4298,6,4.139981561209371,0
icmp,1.11715639968819,3161,2609,6,2.7719211098437055,0
tcp,0.7899187874821443,3566,6268,7,3.2778921479693097,0
tcp,0.6408087294422377,5558,2926,7,1.7366422044799457,0
udp,1.0638508991217006,4587,1624,7,1.578912645636363,0
icmp,0.8922444463807652,3602,4051,9,2.120170313455759,0
tcp,1.2841958826262512,3105,3494,8,1.847398461494517,0
udp,0.7933229123545702,5217,2390,10,2.03909797995559,0
tcp,0.7485246635560386,3779,2539,10,2.991876328683013,0
icmp,0.9962929585870235,5131,2630,11,3.4650599281195222,0
tcp,1.8657091844502114,4132,3273,10,3.3359276588165114,0
udp,9.090063813916174,174648,88786,247,19.753407340485303,16
icmp,0.5245171528244592,6096,5350,10,2.028988320141993,0
tcp,1.2695858959250907,4562,3549,5,1.7853761766990246,0
icmp,0.5326626763013322,2380,3212,9,2.75674300805352,0
tcp,0.7086013103798556,3506,6834,4,2.5568799492201126,0
icmp,0.988630234040862,4204,4341,1,2.3549472573805437,0
udp,0.0,4287,3163,9,2.168858922798548,0
tcp,0.7485462826059922,3141,3499,12,1.9086397391306886,0
icmp,1.0249108623202363,3250,5287,9,3.825348732698961,0
udp,0.9628514736148406,5210,968,5,3.688564935367503,0
udp,1.1189228138926643,3970,2560,7,1.586782012057827,0
tcp,0.9472328481426402,4764,3092,3,2.231337964408752,0
tcp,1.3774971839977703,1818,3097,3,2.874274617828215,0
udp,0.9467642383080191,1793,3804,6,2.525754545946065,0
icmp,1.248068411471445,4492,2331,7,1.5479773965725148,0
udp,0.17284116147112072,3161,4304,8,3.2330176210382726,0
udp,0.9105111612617952,4736,2583,14,1.428050904593604,0
icmp,0.44099271657375455,4128,4759,2,2.218090739022106,0
tcp,5.157222824910592,104824,201632,335,30.119121118555093,9
udp,3.9490453079717263,57837,130961,202,33.94567507466572,7
tcp,0.5694881267618888,4367,4556,2,2.3327885873762,0
udp,12.043198584435283,138009,177623,238,34.54528480905526,9
icmp,0.004291156807243901,2950,2784,6,0.9413061230158779,0
icmp,9.895466190813146,104956,212930,437,17.47309505028465,8
icmp,0.7606293712332953,3823,3486,12,1.6908108094135348,0
udp,0.8021073291189506,2786,3405,8,0.9641389135166898,0
udp,0.8203770048704504,3049,4009,2,2.3411562104556736,0
icmp,0.8054979713405918,3204,3538,4,1.9273679430195902,0
icmp,0.5748796018638089,5148,3550,10,2.591931191348975,0
tcp,0.0,3926,2668,3,2.4502082195537147,0
tcp,1.05638508549794,2868,2490,7,1.764934433822508,0
tcp,0.6860668211405859,3695,3547,10,2.0470863320738957,0
icmp,0.2349295936979724,4075,4280,9,2.4414458238967893,0
icmp,1.1344028315692858,4899,3678,8,2.489024753288729,0
icmp,0.42986328453063477,3568,4942,7,3.3459224289681417,0
icmp,0.4693057299853799,5063,3466,9,3.317838581324965,0
udp,0.7502359626622606,2289,3052,9,3.580381093907488,0
tcp,0.4945028416158768,5070,2730,4,2.228643169649436,0
icmp,1.0418867728015386,5601,1918,6,2.7792455107401794,0
tcp,0.0,3633,3102,8,3.2326678031808362,0
tcp,0.8307170290947079,3810,2443,7,2.0919984801963465,0
icmp,12.535810270865214,128694,141450,289,15.3479177281896,5
icmp,0.7355746354097198,3117,3745,8,2.6953803608331044,0
tcp,0.7254498616314945,1894,4251,8,1.9841109970966968,0
tcp,0.818655083294202,4397,4853,10,1.1016591237325195,0
tcp,1.0630291261791114,4525,2806,6,1.0775891059912526,0
icmp,0.8201972821123882,2992,3565,12,2.131618014237269,0
icmp,1.233444367078452,3891,3484,8,2.504407464072777,0
udp,7.949042533093406,93497,129125,195,29.625120601025316,7
udp,0.15146101934786127,3915,5243,13,2.4353387499678436,0
icmp,0.5946923310867152,4691,5208,10,2.5751424960756135,0
icmp,0.7726075255258535,2491,3892,8,2.3863931989030056,0
tcp,0.0,3806,5820,7,2.6608460699889496,0
icmp,0.829015881376579,6268,3071,9,2.8236606931883586,0
tcp,11.030746852238144,91085,87308,166,24.079129791205517,7
tcp,14.131578668679012,239948,196509,172,42.56369441631604,9
udp,1.16891529968444,3420,4150,6,1.5412825399619727,0
udp,12.15211992335834,191492,80160,248,0.01,8
icmp,1.3567786085851399,2904,4772,4,1.624901667379405,0
udp,1.0713958874858853,3286,5211,5,3.084331888692555,0
tcp,0.6812127336657302,1968,3981,13,1.8257457763300597,0
udp,23.05897315038309,157333,82834,83,8.551877425935416,10
icmp,1.0127293995168103,4946,2496,5,2.3193907015845245,0
udp,0.0908656405130378,4455,6692,10,1.8715951902956731,0
udp,0.20857396936880845,3853,3312,6,3.945127115181004,0
udp,0.884197462393751,4698,4723,9,3.3427765709845607,0
udp,1.0730901281392615,1410,5246,8,3.5124739760539536,0
icmp,1.0343042890607679,2702,2987,9,2.875711208104172,0
icmp,20.68194046936243,143935,82618,341,35.544400241024306,4
udp,0.4553265524582197,3114,3381,2,2.8045829183996465,0
icmp,0.8977587849550772,3715,3324,8,2.7389808531120496,0
tcp,12.936198269483091,152607,185158,153,27.964640795214947,10
icmp,0.3116644511887625,5248,3811,8,1.6299228477871601,0
udp,0.5449119467622094,3857,3948,7,2.74998574463606,0
udp,0.3529122309002645,3864,3556,6,3.9230223638550186,0
tcp,0.0,2996,2086,7,1.2791545437812448,0
tcp,0.5900873809792001,3560,1394,5,2.178873530746537,0
udp,1.6883427038914303,6009,5270,1,1.8217665938957797,0
icmp,1.0917340378842044,4717,3560,9,2.1752700198124106,1
tcp,0.7013318613123711,4039,3611,8,2.0937450536420927,1
tcp,0.4862777811959991,2635,2606,11,2.684676502674703,0
udp,0.8203286794254308,4941,3858,5,2.1361508334307597,0
icmp,1.2242791018816792,5183,5641,10,3.6578593142607376,0
udp,1.1985837435039177,4474,2738,8,3.1039458818023604,0
icmp,0.3208229858328673,2079,5634,10,3.267494503668189,0
udp,1.4154411789989738,4351,2415,10,2.2304274505976647,0
icmp,1.654713703735732,5320,4945,4,2.7862303407382036,0
udp,0.971894566859165,4025,4786,5,2.3188342895286764,0
udp,0.012750350656885567,4437,2431,6,2.8740378612237287,0
tcp,0.16660936869187482,1653,4435,6,1.98754051266124,0
udp,0.10843388574974944,3406,2757,7,3.09398333425913,0
tcp,0.3643000862084266,4828,3930,8,3.0054464683881736,0
udp,0.6258167129283692,5030,3175,3,2.8708302149947973,0
tcp,0.1096983350451255,3933,4011,4,1.7918419175317508,0
icmp,0.26679593785509226,3774,2814,7,1.365026666757096,0
icmp,0.5312988163806438,2562,3917,10,2.9900805815363722,0
tcp,0.32123209817475795,4496,3595,4,2.304749677140087,0
udp,0.11904702507379528,2870,5482,5,2.3770819293216814,0
tcp,0.3692894962778988,4943,4481,5,2.653130358104585,0
udp,0.6568586101068005,4213,4382,8,2.37577554426221,0
udp,0.7093263859847148,3756,5279,7,2.2803068081908764,0
icmp,1.178569791541878,3035,2995,4,2.0831161186967972,0
tcp,0.0,2024,4937,11,3.732588342292179,0
tcp,0.7364294169201332,1969,4067,7,3.9080632465833105,0
tcp,1.034451059024046,4608,2196,12,1.9773131881802821,0
icmp,0.8626945376146878,4821,5145,8,2.276842984922551,0
udp,0.8413554916641792,3215,5202,6,2.3782658362765394,1
tcp,0.5487368496771607,4656,4028,5,3.2968418272294904,0
tcp,1.424874728653279,4273,2669,11,3.084756126180107,0
udp,1.265576066887773,2767,3609,4,4.054021128122431,0
udp,0.2660168483246901,3873,3240,3,2.4200808779786134,0
icmp,0.8640456550433151,4156,4554,8,3.136940400488834,0
tcp,1.319793460917497,3600,3770,1,3.7255720888958463,0
tcp,0.9922435711881945,4287,2933,7,2.796003150023583,0
udp,0.978094859043973,4743,4909,10,2.3746702306224186,0
icmp,0.23146533537515734,5514,4569,8,2.9940555158497193,0
icmp,0.8501328359015644,2712,2860,9,2.4593063731063163,0
udp,0.3191861313923764,3431,3973,7,2.334352790692937,0
tcp,17.125394089110003,62397,182429,290,25.947509484426238,6
udp,0.0760160568309659,4364,5018,9,3.3991496029334956,0
udp,0.45192947089673163,3704,4974,3,2.36221076525532,0
icmp,0.9542001812676661,4995,6385,4,3.500879028173271,0
icmp,0.3578468903110801,4269,3214,7,3.5221987037306075,0
tcp,13.363731850803449,108828,177618,176,41.028127760531845,7
icmp,0.4491402717901778,3973,5666,4,1.2742375491693425,0
udp,0.6576135217626193,3767,3634,7,1.7630291863952245,0
udp,1.1840117822264602,3954,2810,7,3.718784157657483,0
icmp,0.23005761712754713,3824,2849,7,2.382162049233029,0
udp,19.979998440065728,134197,63725,283,20.404835581531202,4
udp,1.1070893001644209,2533,3771,12,1.1036109319532879,0
icmp,0.3504946465267026,3658,1700,6,2.169313814379576,0
udp,0.0,5120,2154,1,1.9818804919623147,0
tcp,13.148453300494062,139679,168718,196,19.12801016627566,6
tcp,14.186491447441277,117404,74504,175,32.01893698104407,14
tcp,1.3005388848585024,4991,3564,8,2.959109550274598,0
tcp,1.318561468311125,5498,2735,9,2.1175711504327093,0
tcp,0.5569189670413612,2598,4205,10,2.353564313142341,0
udp,1.165003077510666,3904,3911,8,2.4785515815604167,0
icmp,7.111029816793165,80742,137555,378,26.87671973493722,8
icmp,0.7437015055513331,5087,956,13,3.244490922156129,0
icmp,0.9024915029857977,4568,2679,7,3.056775506923214,0
tcp,0.4188117526502244,3810,3614,13,1.5624667392562772,0
udp,1.2201126860082723,4887,2752,6,3.023029215353083,0
udp,1.0353729378156131,4173,3852,6,2.8092280336175937,0
tcp,0.9801145401784047,4543,3613,3,2.185118695664832,0
tcp,10.47575636100051,110416,203147,198,13.93579156956883,7
tcp,1.0134704060423967,3205,3991,8,4.349513709171905,0
udp,0.17311108500830108,3062,2253,6,1.5627200744693601,0
tcp,0.902527368799084,2293,5495,5,2.6523108778777127,0
icmp,0.8690742561765952,3379,2860,4,3.1114472175562353,0
tcp,1.0660244249412032,4183,3575,7,3.1056501484247803,0
udp,0.4914870956050031,3364,4585,9,2.826719217465941,0
icmp,0.05833276625129691,4622,2466,5,0.9590455842087027,0
icmp,1.1033439754731096,2989,3103,9,2.0176521652801562,0
icmp,5.932940771719318,128524,125967,238,24.26697593852382,1
tcp,1.608794500171074,4298,3236,3,2.625902678441819,0
icmp,0.8158845831520044,2569,5146,10,2.0291569580256033,0
icmp,0.5165336318190434,5578,3175,10,3.765159356123312,0
icmp,0.8164997097080124,2741,3881,8,2.1405939348054246,0
tcp,0.45104293684934893,4168,1879,4,3.239624322386616,0
udp,4.919963028475188,101436,71066,368,33.72183643184475,13
udp,0.4207537904668379,3847,5026,2,2.3202244360596525,0
tcp,0.519582218611222,5039,2489,12,3.242187591027049,0
udp,1.701333667670101,1895,4456,6,1.8708339387787514,0
tcp,0.4696914310434002,2599,3786,6,0.4031623247552769,0
udp,1.2928768899843184,2595,3862,13,2.417969515234847,0
icmp,0.09889072483161454,3619,2828,10,1.7544431670696758,0
icmp,1.3310905700238567,3417,3245,13,1.7602635136122768,0
tcp,0.4946615071328127,2229,3731,11,3.2046123554249837,0
icmp,18.39453756865732,147507,219969,306,17.332288077932404,1
icmp,0.8662689712877455,5159,5497,5,1.1252330997250215,0
tcp,0.9196483641124688,2053,4413,9,0.917729495584793,0
udp,1.0387144083912696,5653,4006,7,3.666056918592946,0
tcp,0.2984080024734065,3202,3699,11,2.324737838386699,0
icmp,1.0245874126629269,3587,1817,11,2.64496380280211,0
tcp,0.7102631773097898,2617,5434,8,2.0806337825159127,0
tcp,1.011381789554153,7189,3937,3,3.8328145574370485,0
icmp,0.8941604350535167,5018,1724,7,4.071829221542474,0
tcp,1.27225213543707,3468,3842,6,1.7441671862382242,0
udp,0.6323912749226107,4145,3484,7,2.956643228985579,0
udp,12.668444341816166,166878,169223,312,21.290162138404625,11
tcp,0.0,4569,4464,7,1.5957256664636512,0
icmp,0.3805886626635874,3467,4468,8,3.2125684223883937,0
udp,0.42520417333550187,3803,5188,10,1.7820844970382348,0
tcp,0.3205283976881781,4449,4370,6,4.0084858604285305,0
tcp,1.1667997746155954,2024,2467,11,3.2078955014205652,0
icmp,0.6718533535574396,3999,3115,4,1.1463854478672892,0
tcp,0.36524134659696544,5781,5125,12,3.0216455140274334,0
icmp,0.6969216433267592,5063,3191,11,1.5789670388181674,0
udp,0.5562944458034017,4416,4484,14,2.785710253523848,0
tcp,1.1802345127933953,5963,4086,13,4.190868631278573,0
icmp,1.2893719784123356,4230,1860,7,2.1915795859772085,0
udp,0.2765050878119383,3853,3987,8,2.922341829599067,0
tcp,1.1264893690209554,3092,4833,7,3.2422593094904077,0
icmp,0.8501913409425084,6858,1140,11,3.7347942516068606,0
udp,0.0,4168,2730,7,2.499268200158179,0
tcp,1.0609651506033553,4824,3570,4,1.756195879264288,0
tcp,0.7534890908245777,2779,4650,11,2.9004504508194606,0
icmp,0.6523178886830802,4269,3490,4,1.5982946605467938,1
icmp,11.663055904416794,137447,38264,233,25.609187485280064,6
tcp,1.3152533007452698,3161,4269,7,3.359324144652411,0
icmp,0.8147753310177375,4776,3278,3,1.981252957250918,0
icmp,0.8955931442220927,4196,3011,8,2.004831032584354,0
icmp,0.5523308026421118,3565,3339,3,2.168779207326792,0
icmp,0.8971715047432729,4439,2663,9,3.2108317214224162,0
udp,1.9131043140497985,5334,3323,12,1.376296571360633,0
tcp,1.0066252547549885,4885,4830,5,2.541066762339115,0
udp,1.0843464124530906,1771,4524,5,2.0523072913055307,0
icmp,1.0964645471864989,4548,4616,8,2.872594588295765,0
icmp,0.5924020948745917,4133,3219,10,1.74940337869227,0
udp,6.15897370483081,184234,228202,340,38.70437358517775,13
icmp,0.5989007184447744,5177,4020,6,3.1281138964100097,0
udp,24.572535561711778,191477,120818,257,36.646282328378774,9
udp,3.528868019611144,177472,161767,67,12.843122921950751,13
icmp,3.131459873896935,198356,45362,231,28.488631369644217,6
udp,1.0157685931302152,4887,3712,13,1.8282451816629526,0
udp,1.1534443363587272,3375,2909,9,1.712556064603222,0
udp,1.2672928478006213,6562,2501,6,2.3152657607785025,0
udp,0.9039687918549232,2463,3850,8,2.10680722688159,0
icmp,1.215410645688861,57347,106641,244,36.4081217087684,5
tcp,17.754698977962796,146739,87741,270,47.06008178187624,9
icmp,0.30681954150061164,3652,2277,8,3.5499318609032446,0
udp,0.10750940185355162,1870,5196,14,1.9548164336778182,0
tcp,0.7115124756322189,4379,3930,14,2.6779825499037875,0
udp,0.3060309160187101,4746,4741,11,2.1697792009747126,0
tcp,0.275826368110316,2174,4648,7,1.5728427535290517,0
udp,1.0342065106307277,2149,3163,9,2.468044740382101,0
tcp,2.0420383770365795,6783,6347,6,1.7347109332107435,0
icmp,0.6665617885210873,4030,3904,6,1.4330806373213263,0
icmp,0.8848735696935229,3771,6238,7,1.9549231971568533,0
icmp,0.6391223444759936,3449,3322,9,2.8572172177856356,0
tcp,0.9499085336714292,4294,4905,7,2.106475082406603,0
udp,0.9464092913426644,1904,4743,14,3.431346095097073,1
icmp,0.0683996914481454,3373,5781,4,2.013963980192145,0
udp,0.5518809862308901,5069,1229,7,3.820282169031331,0
icmp,0.21890437555414588,3865,4007,10,2.664752098893619,0
icmp,0.9517841398485114,5459,4263,7,4.381577698994018,1
icmp,1.7714473402160955,5537,3069,6,2.7672733157306357,0
icmp,0.957512481386258,2686,3282,7,2.936714837562477,0
icmp,1.0330098268451193,4341,4157,6,4.023655587980971,0
icmp,0.6569354051128551,5631,4079,6,2.3253695150727793,0
udp,1.202627238860114,5584,3632,11,2.157467401034455,0
icmp,0.0,5255,2557,10,3.3838188275760963,0
tcp,19.129971020509572,151582,105597,308,37.47697442642835,3
udp,0.2090535697304503,4525,4589,10,2.940711628483797,0
tcp,0.18919306849301976,4740,3853,4,2.8639465591379207,0
tcp,1.2974334401303655,5358,3803,7,3.044388751914091,0
icmp,0.38534163364639157,3632,4179,5,3.3924063119822376,0
icmp,0.9430266161851218,3873,2755,7,2.422577261454817,0
udp,0.5526833745190445,4170,5107,4,3.0277854093548733,0
icmp,0.6993034063197718,3565,4601,4,1.627383573434828,0
tcp,0.6103200253640519,2134,3161,7,2.4404294555059756,0
icmp,1.3771864087407184,4168,4937,9,1.8606143513670061,0
tcp,0.6163533888565226,4216,1710,9,3.0931755674900154,0
udp,1.1715979041120326,3559,4461,7,1.8389393707527166,0
udp,0.052125079102303684,4151,2315,12,2.8333123730608394,0
icmp,1.105285731479933,4102,4674,9,2.757558904772666,0
udp,0.34542551145197586,3249,3115,5,2.19336903312385,0
udp,0.836598804477474,4274,3705,7,2.4369116719224073,0
tcp,1.7785828353900324,3053,3236,7,2.9505601994286796,0
icmp,1.1261144392158122,4608,3518,2,2.5590642211553307,0
tcp,0.18349346740101302,4672,3111,8,3.199808017402454,0
udp,0.6978441322016783,5291,2678,7,2.569653235240621,0
udp,0.72415881883114,5785,3465,10,3.0619143711340406,0
tcp,1.2124096937384485,3166,3560,12,2.110948898380526,0
tcp,0.3965616054067234,3501,6184,9,3.071493741120845,0
udp,0.5389951995805435,2146,2646,6,2.4987394337564637,1
icmp,2.1787704214100705,4614,3257,7,3.2311932199098337,0
icmp,0.5137849909949405,3225,4809,8,3.2554241953846996,0
udp,0.8728546778986699,3620,1979,7,2.3075860820265643,0
tcp,0.652051305401975,4529,2761,6,2.6135286041590082,0
udp,0.2701065719135306,4641,3748,8,1.5800033865679637,0
tcp,1.440574405078573,2909,2510,1,2.91588685720923,0
tcp,1.0707188657573363,5157,4868,9,1.0097354310191822,0
tcp,20.32942234662552,83947,158482,330,18.969359187229152,11
udp,1.189376406707652,5741,3348,8,2.849714046136169,0
tcp,0.8328758983056113,3304,3087,4,3.232811309551331,0
tcp,0.8646463410177738,4594,2532,9,2.3643441093430226,0
tcp,1.3492679643195276,4314,3430,10,3.0497701690676724,0
udp,1.2872878284682225,2378,5133,6,3.5556355865199887,0
icmp,0.13502701757532853,3796,2593,9,2.550469303348738,0
icmp,0.45945429411704763,3977,5034,7,1.8584238687105266,0
icmp,0.5878403672713206,5546,3808,14,2.987366396003644,0
tcp,0.9947197651256162,2828,3590,11,2.2592270741247478,0
tcp,0.9531973410640703,3586,4324,8,4.397100492060862,0
tcp,0.3600601666780413,5426,5423,13,1.969138067503086,0
icmp,0.19261717535541534,5175,4056,4,2.3602357734665715,0
icmp,1.3458805098914586,2919,1866,1,3.3401947915341337,0
tcp,1.2996018421381,3591,4116,7,2.471894554609974,0
udp,0.768979082348386,3158,2856,2,2.5687884441874003,0
icmp,0.0,4368,3031,7,1.5201238306739953,0
tcp,1.1642644962195154,4996,5441,5,1.8836313672966754,0
icmp,0.7530048214343692,5728,3136,5,1.9941015761726395,0
icmp,18.845003177838606,100798,145312,181,17.111179095145623,11
icmp,0.8486191951122533,3304,2706,4,1.9170524410196021,0
udp,18.349979419993225,89061,37316,321,30.409125933622672,6
icmp,0.10074714028269682,6586,4611,10,3.567683867205299,0
icmp,19.4245447567766,180535,94686,198,15.342757075853225,10
tcp,1.0402005936141567,3538,3124,5,1.6204534740424659,0
icmp,0.7419290213091965,3310,4653,4,2.222407246319836,0
udp,1.282496825670856,5364,5508,7,1.935671489746275,0
udp,0.9510914530844505,3153,5468,11,2.9845381741442143,0
tcp,8.079526624378694,149511,104821,159,12.495115293419808,10
icmp,0.9366471593290142,1947,4149,8,3.103042378215153,0
udp,0.15597768161568126,4235,3290,6,2.8792057037129637,0
tcp,1.139593710066876,2157,4082,11,2.952303863632581,0
tcp,0.535928938519099,5324,3903,8,3.218589282811789,1
icmp,1.2576572239205615,4580,3928,10,3.258226936045799,0
icmp,1.1431364470044636,4813,4209,13,1.8334477902783943,0
icmp,0.9753886148523652,5005,4614,4,2.3418608760407835,0
tcp,0.9999522351849125,3934,4537,6,3.7159934201496463,0
tcp,0.6023483434345147,5090,6385,9,2.2368758261845394,0
tcp,0.5332059577341169,2452,3985,7,2.514924182347549,1
tcp,0.5388881957720226,4896,4664,7,2.637594014343788,0
icmp,1.1642852327227633,4378,2277,11,3.1190991522615548,0
tcp,0.8525339907448283,2526,3333,8,2.40671060304136,0
tcp,0.47864251028469484,4356,4135,9,2.9682870969379658,0
icmp,0.7810079466869208,3078,4753,12,2.0085101273553487,0
icmp,1.095094388095344,5129,3549,7,1.9518824205667247,0
udp,4.584536705819858,154306,113620,78,34.572238430965044,19
udp,0.7586686684860133,5406,6306,3,2.504873959044053,0
udp,1.2284996117074554,4592,4167,6,1.8089054774161366,0
tcp,0.9784314719523381,2444,3473,10,3.0716251532130654,0
udp,1.249946136805422,3294,2900,4,2.5804726352099303,0
udp,0.9387119392493035,3997,1823,7,2.079522987698265,0
tcp,0.9111571752208478,3883,1524,4,2.8313701323718896,0
icmp,0.379912118567177,4226,3965,4,3.3151811062090326,0
udp,0.0,5132,2826,14,2.2677574362151556,0
tcp,1.0833433917086903,1953,4245,5,2.755740527175205,0
tcp,1.038539940116086,4204,6404,11,3.188203853822018,0
tcp,0.04930287190067095,5709,3509,11,2.048544949142003,0
udp,1.3318148533297036,4073,4179,8,2.6809136310439254,0
icmp,2.0309312388827614,3581,3497,4,2.6582517534252004,0
icmp,0.7966535129013359,2917,2847,6,2.9427682971050775,0
icmp,0.4182373408901542,4295,5556,10,1.1078455825493916,0
tcp,0.5932696199598124,2617,1833,9,2.84568603228877,0
udp,1.1492161802915355,6414,6287,13,1.9759675992016499,0
icmp,1.175561975369388,4331,4655,11,3.1335372140730113,0
tcp,0.591009052748652,4060,4237,11,2.7689057225521903,0
icmp,0.46999033960710046,3930,2997,7,2.0744624830344702,0
tcp,1.011231759385845,4232,3930,9,2.4566524374069014,0
tcp,1.110017976919454,4928,3995,10,2.2846917794145183,0
udp,1.2309969847197957,3778,2805,6,1.4138855022777064,0
udp,1.3972593911745377,3327,5375,11,3.116814062118523,0
icmp,1.0749688625669862,3897,4429,10,1.782101988514618,0
udp,0.37908682313748293,1913,5182,3,2.7892301741285808,0
tcp,9.847867899757762,175026,186327,190,30.108760112279633,4
udp,0.0,105166,182132,336,32.4694705252841,12
icmp,0.582654790950201,3845,1162,8,2.1876568611820972,0
tcp,0.6353316320296525,3213,5062,7,3.3465363905343115,0
icmp,1.720313939725855,2699,3883,12,1.7859197147193753,0
udp,1.0800022119719765,2724,4922,7,1.2177139651750637,0
udp,1.2650599037711148,3766,1314,6,4.003014760790428,0
udp,12.425308438117483,69588,109698,352,46.986111772252066,7
udp,0.27244075220181085,3213,2639,12,2.480058663604857,0
udp,0.4690727040984271,3615,5708,8,2.7162240037359897,0
udp,0.17067973374881806,5584,3414,12,3.7495304242090848,0
udp,1.122285260644799,4521,4587,14,2.600440782370457,0
tcp,0.9482123889295102,4337,4108,6,2.8104270524822783,0
udp,0.35409797076107846,3318,3287,7,2.4929009255077643,0
icmp,0.7684671747363895,3333,3293,9,1.7891737423474183,0
icmp,0.37979197374268703,4457,4336,7,1.8744822445577993,0
icmp,1.5505319075823845,1691,5283,11,1.6812556947700659,0
tcp,18.837300693456825,186951,147592,358,32.28599595142882,8
icmp,21.306762620609987,337,178940,166,22.83509494096575,10
icmp,1.1560511367707265,3285,2666,11,1.3193127538334821,0
tcp,0.3419659012212192,6454,4814,10,1.7038338398133295,0
udp,1.0964687132023032,5957,6362,10,2.9218767770583787,0
icmp,0.4418924226460881,2725,5339,8,1.1245729352496925,0
udp,0.0,3778,3175,9,2.1169090818590766,0
udp,1.1343771147005814,3926,2990,4,3.0030540161514625,0
udp,0.9366047342612434,4127,4061,9,1.6963403931549756,0
icmp,1.3277563225096738,2387,3872,1,2.571569770398836,0
icmp,0.028278270700840213,3531,2469,8,1.872377863580333,0
tcp,2.3931571187755853,153609,185389,314,20.212857246271838,12
udp,1.0050362024902266,3508,5363,8,2.1251247768495656,0
udp,0.06951495918736983,5030,3169,4,3.4808119305651113,0
icmp,13.958240142591722,9198,165049,1,40.520023529452025,1
tcp,0.7180645092025115,3469,1676,8,3.08797679486179,0
tcp,0.6150886050671587,3971,4226,4,3.3879188441067445,0
udp,0.6082000827336729,4133,2673,4,2.711928493297046,0
udp,1.8109673204404768,2661,5698,7,3.2528263683758025,0
tcp,0.5923527423246713,5464,4046,2,1.7307384552334018,1
tcp,0.567815783571718,3591,5384,3,2.6907686549576626,0
tcp,0.8171680044684569,3463,5102,11,0.09505753245054249,0
tcp,0.030452870006594357,5072,4491,7,2.1612793388467217,0
udp,0.9941761393212423,6960,6188,10,1.5450623130512764,0
tcp,1.2968680498776477,3492,4612,10,2.560526494871012,0
icmp,0.2854676062142395,5062,5709,8,2.591110726216195,0
udp,1.0036444791379167,4046,3709,5,2.238504352237169,0
icmp,0.0,2984,4383,10,2.1062726600574773,0
icmp,0.46647636727186265,3707,5065,7,1.4813956458491402,0
udp,1.3305110174767625,3725,2455,7,1.1059092359663985,0
icmp,1.0296682542786284,3738,4012,10,3.4560969190852133,0
udp,1.3127755715243872,3397,3129,7,2.9689186512222294,0
udp,1.2878586944588328,4371,2118,7,2.2279949104445933,0
icmp,0.09001607512843768,4102,5118,6,1.5402797627861795,0
tcp,17.48848192946503,186316,159630,232,31.94901880981423,3
udp,1.0615923649768229,4660,3037,2,2.3049960313646163,0
udp,1.033515202269097,4060,3870,11,1.8297912978901443,0
udp,1.3164474418324368,3650,3667,11,2.6008407478934013,0
tcp,0.3323977175579319,1851,3248,11,2.660901852190855,0
udp,0.33216644001623885,3440,4749,9,2.0023282111789715,0
tcp,0.20548315420749252,4329,2205,12,2.54022936667382,0
tcp,0.9381806788106665,2971,4200,9,1.6189803481695229,0
udp,0.50584424851077,4912,3663,3,1.3416225129971746,0
icmp,0.45760901874440696,3644,4057,16,2.9024465266354245,0
tcp,2.008111774324707,5453,4779,9,2.9607590826691874,0
icmp,9.215235044632415,161103,92748,253,15.680908697756232,6
tcp,0.6423098300581641,3592,4250,6,2.1894311192456617,0
udp,1.4889028760142473,4982,1606,2,1.5486049451941948,0
icmp,0.2728146350883571,5133,3736,11,2.293391354721955,0
udp,0.9213053047739749,5423,2236,5,2.3154570373862438,0
icmp,0.0,3865,3138,10,2.860025039652994,0
icmp,1.0099671093570048,4172,2613,2,2.0999593468579913,0
udp,1.7005526054272073,4908,2797,8,2.4427858961173112,0
udp,25.453005781411637,125516,236583,213,38.00369695964112,10
icmp,1.232577319336747,4751,3166,5,1.2247096611682913,0
icmp,0.7740616002086094,5335,4264,3,1.563704112694574,0
tcp,0.89427383372396,3610,4695,4,1.581143815706096,0
icmp,1.4272581918197846,2969,3862,8,2.7148255320494914,0
tcp,1.0843092718606855,4549,2831,6,1.7593232175870823,0
icmp,0.16665913512613895,2976,2408,7,2.922317920298839,0
udp,1.7308208254304938,3759,2405,9,2.489372851642396,0
icmp,2.4080379158032175,5917,4763,9,2.397742452155802,0
udp,0.4142769224702434,3526,6138,9,2.2567472386741425,0
icmp,0.5781042784637614,2289,3933,6,2.1394516608421146,0
udp,0.4357984569533722,6897,3323,13,2.8546134163359946,0
tcp,0.4061514805353284,4572,4692,14,3.1199320761625042,0
icmp,0.9477406836599407,2604,2655,8,3.0192345577424806,0
udp,0.854430756648228,4341,3394,7,2.2862361207165267,0
tcp,1.0791709423641176,5879,6110,3,2.437947578164122,0
udp,0.7125096124513998,4120,2036,2,1.4138620370564396,0
icmp,12.500724127195612,190108,215840,234,28.591228649313788,10
udp,1.2763482335975596,4232,5914,6,3.3633907530875016,0
icmp,0.9412016723435815,2778,2944,1,2.5037018459478175,0
icmp,0.36972237552979165,2565,1801,3,2.81805082360198,0
udp,0.0,4907,4360,10,4.125192972467425,0
icmp,1.4137833527021237,3497,3611,1,1.366293808270516,0
tcp,1.0134131625827223,4968,2605,3,2.6709302119161866,0
udp,1.1929928220441604,3720,5860,11,3.12926096957545,0
udp,1.0706061723256195,4407,5117,8,1.8357594694257382,0
udp,0.3021785352461167,3519,2281,7,2.9234267902007276,0
tcp,0.43927190363722635,5747,2091,5,1.6452353583822141,0
udp,7.037003676850879,131942,253703,253,18.88217013243213,7
icmp,0.31253399845044416,2897,4062,8,2.022730533024271,0
icmp,1.006621550536591,3811,3297,9,2.8452737150172354,0
udp,16.111789542937785,103084,139360,260,28.99343784330592,7
tcp,12.58337693588655,101423,164591,232,29.471632722785774,10
udp,0.7626209316646126,4197,4371,12,1.9907788116825915,0
udp,0.3112483099996168,3581,2928,9,1.971169338699862,1
icmp,1.0214746078615629,5444,5121,10,2.3123566027889324,0
icmp,0.863284578034389,2905,3173,6,1.8235867942822765,0
tcp,0.12858359094908334,4438,3518,10,2.2720332143757296,0
tcp,1.0123061579496875,5006,4296,8,1.7552496073500388,1
icmp,0.683608485009471,3360,3039,8,2.6299912082379446,0
icmp,16.828105331002984,134339,244478,218,19.836473977504813,8
icmp,1.4585846239306983,3482,4549,5,2.4761888505771967,0
udp,0.15347445399395043,5266,3601,4,2.3779431790171985,0
icmp,0.7006874073161395,4367,5481,5,3.1171428192621766,0
udp,0.7432330215643207,4970,5204,5,1.3711801192444095,0
icmp,1.2597141670807517,1907,5191,9,2.7735266680239987,0
tcp,17.265095459365913,99920,54103,164,19.565414229714683,2
tcp,0.0,2954,2099,14,3.097252289895982,0
udp,1.552934536761815,6394,2764,4,2.997808311979847,0
tcp,0.2550031517332382,2227,3223,5,2.2670792376848397,0
udp,0.7839962186322226,3451,5022,16,1.6684311570679724,0
tcp,0.9989615213466794,6032,2316,1,2.0499846546110985,1
tcp,0.6309346440262755,5218,5904,12,1.1966020866512097,0
icmp,1.0327479463566929,4139,2530,3,2.4677316787816586,0
udp,0.5764813171920711,2415,4611,8,2.6482776995053596,0
tcp,1.2948288292805394,3827,4920,9,2.690592184001345,0
udp,1.123047190253487,4665,4234,11,2.016145282093229,0
icmp,0.06400354259103458,5417,4556,6,3.279890094793955,0
tcp,0.0,5781,4710,7,3.5874953894631156,0
icmp,0.8388771490008873,1956,3309,11,1.0654297366943204,0
udp,0.7158907635924998,2151,5357,9,2.604057251928756,0
tcp,0.497175129197876,4040,2078,8,2.928045730632055,0
udp,0.9575946028269927,5851,5682,13,2.073385071935592,0
udp,0.9491169227121216,2998,2992,8,2.7381362291760647,0
icmp,0.3528663354311834,3799,4159,3,1.090063438853589,0
udp,23.260432652235863,132688,198336,285,18.996641101734095,7
tcp,0.9739375262935343,5766,3996,7,2.004464643095948,0
udp,1.3077531414121197,1304,2646,1,2.815170145410567,0
icmp,1.4556525182615516,5752,3848,11,2.081313442750133,0
tcp,0.7663022993482572,3756,3347,10,3.0659580346564863,0
udp,0.49571488333167935,3686,4536,2,2.7135630613021005,0
tcp,1.5085448262983854,2357,5204,7,1.7100512825490628,0
udp,0.24357423269712108,4502,4827,6,2.9563041782402184,0
icmp,0.2802538092951272,3577,4421,12,2.7647449994815134,0
udp,0.2826881621265587,2375,2220,7,1.692199392359143,0
icmp,1.1471835812031608,3248,3931,6,1.8269886310305208,1
tcp,1.855939386967842,2949,4480,3,3.4697049101239514,0
tcp,0.5523737734616396,1282,2932,6,1.9424979076925855,0
udp,0.705805829662477,2455,3702,3,2.991331434924321,0
icmp,1.238386798817691,5081,3320,10,2.346354035770452,0
icmp,0.5946971188496964,2705,5468,1,2.3936062190746443,0
tcp,1.1188312218410335,4185,6017,15,2.6261105590277483,0
tcp,0.357136025477369,4567,4035,9,2.51656739042188,0
udp,0.8782719043174647,5216,4912,13,2.0099647522660593,0
udp,5.439432832110938,194676,75770,265,28.786519086861762,7
udp,0.6284355984512695,1895,2694,7,2.3998056408404755,0
udp,1.43060803296623,4854,3226,9,1.203528967519081,0
icmp,0.6744326998371633,4009,2730,11,2.762139238495882,0
tcp,1.1962679204769247,2579,3799,5,2.203554137084481,0
tcp,0.8318674975878722,6245,3362,8,2.2381882945035363,0
icmp,1.1419463884508816,3747,5740,8,2.834048175777328,0
udp,1.4865027501836745,3421,4330,8,1.4044761283893625,0
icmp,0.7291611231564736,4596,5579,8,1.0317816782733935,0
udp,10.622896546234427,78362,180100,195,16.31665952815227,9
tcp,0.0,4357,2571,11,1.9795283798828245,0
udp,1.2403598366675779,5290,3302,7,2.2232010080931865,0
icmp,0.2917811859109247,4290,2364,9,1.7099299277003062,0
tcp,1.6490062496824722,3176,4295,5,2.72499332813717,0
tcp,0.9547143308467725,2795,4388,6,1.449025258335832,0
icmp,1.0374383588979401,2381,3579,7,2.305411795191916,0
tcp,0.8947115407054712,5374,4014,10,4.270941124713832,0
tcp,10.807016229703558,127141,200620,325,25.57716954870105,13
icmp,0.3435515707850735,2066,4010,7,2.2397227732725886,0
udp,0.9245257491815121,3181,1870,1,2.0409154847282736,0
icmp,0.778802808896384,3491,1586,5,1.463190492794837,0
tcp,0.269848059369293,4077,4991,10,2.8018364839637733,0
icmp,0.599644780012252,4068,2765,9,1.9157504448819798,0
icmp,0.5805214352589727,2621,4802,8,3.376350230830598,0
udp,1.1467480909553445,2275,3602,7,2.3001761227441806,0
icmp,1.2534929511640243,2395,3859,8,2.503115581910949,0
icmp,0.4207705451425783,2516,3919,6,4.1964292389078865,0
icmp,0.9736440251486129,3354,3452,8,1.9418823510167862,0
udp,0.6984516279845786,2689,3611,8,1.6632009539278523,0
icmp,1.7125792870151075,5046,2023,9,2.862752160796881,0
tcp,0.6835244200740777,4096,3490,8,3.6427939717152675,0
icmp,1.4771153683670613,5942,2330,8,2.7815706912745455,0
icmp,1.4066938520778653,5443,2923,11,2.1687804738313234,0
tcp,1.6331683967406652,3076,4450,8,2.9318142253354047,0
udp,6.5019748856707995,128984,48477,282,12.189502958727358,4
tcp,0.8270742626991757,3747,2990,6,2.883742643466941,0
udp,1.930644284614919,4013,4292,11,2.6078356604530413,0
udp,0.17669206787201375,5290,3992,6,1.6636012139822967,0
tcp,1.0684379895320955,4796,4485,1,3.6123339518649416,0
icmp,0.8105216823299066,3277,4693,10,1.8702703204138116,1
udp,0.41583499281996533,7409,4007,11,2.884852312134437,0
tcp,1.2429303685756556,3765,4470,6,1.6740160764855445,0
tcp,13.494761302790792,23509,87721,324,28.416872236989956,9
tcp,1.984130266264709,3848,5199,9,1.414265092007069,0
tcp,0.8942637240851253,3231,5816,4,2.460907281974936,0
tcp,1.34461490529968,1020,4202,5,3.737523994043694,0
udp,10.992274096676894,141754,137967,269,26.99732593200784,5
tcp,1.5218493225521552,5665,3835,6,2.9280254231663063,0
udp,0.7267606892844622,5264,3976,4,3.4253068319877027,0
tcp,0.8588062100895272,4302,7051,12,2.9547899825149506,0
icmp,11.069683080335132,124786,134448,360,11.378998121543116,7
udp,1.0337364269689986,3984,3784,8,1.9936830002912238,0
udp,0.38518236318061866,3236,4885,12,3.3792550978247586,0
icmp,1.3221624927478506,4603,4507,5,1.5761332769190841,0
icmp,0.9530857814618535,3975,4603,10,3.1507844553520408,0
icmp,0.6939546064989729,5139,5390,4,2.632401274424244,0
tcp,1.3657793996611955,5809,3096,7,2.703475242303643,0
icmp,0.2167177124557219,4465,1662,12,1.9789878063334254,0
udp,12.62343494324304,140210,101547,224,40.431354312637154,7
icmp,0.9780811565738445,4542,5219,5,3.0753547652916464,0
tcp,0.30048534627413953,4190,1817,12,2.0785226214756305,0
tcp,0.45520886477569544,4815,3389,5,1.868379251128924,0
udp,1.2844479269041758,3036,3756,2,1.7103772605851688,0
udp,0.0818848639900458,1085,2066,6,1.7054513475887245,0
udp,0.27454108213819906,4049,4420,3,2.3482646074827764,0
icmp,0.22470587204621895,4535,3690,11,2.1099549692135624,0
icmp,0.6614092356918002,3511,4248,9,3.221851554391412,0
tcp,0.5702069579549369,5036,3067,7,3.8217624781882487,0
udp,1.8799684051386316,4566,3740,6,3.749514704909058,0
udp,0.6727707693649704,4661,4293,3,1.422910589172631,0
udp,0.9397151049858071,3619,3376,7,1.830153400041342,0
tcp,1.2140123855594704,3848,5215,7,1.0451410881401975,0
udp,0.8846767862035313,5165,3948,11,3.549491256728599,0
udp,0.7038330714018156,4481,3265,8,2.3880528821757934,0
icmp,0.33746235473923214,6784,2658,11,2.753007057781726,0
udp,0.9180550531358532,3101,2930,6,2.24213806843959,0
tcp,0.0,5134,5024,9,3.1289984505858683,0
udp,0.9359669559740006,2327,2640,5,2.1586191642703305,0
icmp,0.46268473998345316,3047,4714,1,2.6607476431063546,0
udp,0.42126196204028665,2647,5231,6,1.6395678200726125,0
udp,0.4114816690323017,4088,4402,7,3.4693096659286486,0
icmp,0.40402940362466044,3504,4777,10,3.7098869261518805,0
tcp,0.9662500649272292,3702,3975,7,3.438449244380437,0
tcp,0.5231266405966812,3779,2112,7,3.2092438951241005,0
tcp,0.44298092391444327,6447,3852,9,3.810108782834758,0
udp,0.8718733468526171,5146,4026,6,1.4896957318378377,0
tcp,1.0223371300017667,2554,2660,2,2.3361933616187636,0
udp,1.2889302636191946,4100,3438,2,1.7749599861211909,1
icmp,0.11362254225658996,4727,1845,5,2.539649194668668,0
udp,1.0636238111752285,2559,3507,6,3.7009665371443257,1
tcp,1.0941177490971363,5208,5257,4,2.043395130386455,0
udp,1.429152562405553,3140,3815,8,4.137815906101628,0
tcp,12.196675301769405,93377,150609,163,26.646148938956355,9
tcp,0.150699903501344,5354,2684,9,1.4595454166600121,0
tcp,1.4102194506579908,1557,2575,12,1.6199304375561745,0
icmp,1.5019215079775317,4639,2524,8,2.6997743052846546,0
icmp,0.492935364190632,2111,3273,8,0.7084077561598192,0
tcp,1.5469729565015706,1818,5834,7,1.9185563264080707,0
udp,1.0939856162806667,2971,4269,9,2.694696874132587,0
udp,0.0,5387,3832,5,3.054918260125209,0
icmp,1.5835241884105198,4602,3457,11,3.308130946775552,0
tcp,0.7932129114891133,5474,4621,8,1.4486610187161435,0
tcp,0.609124295011511,3830,3932,6,1.9173150254632723,0
udp,0.5279221430840233,4080,4410,9,3.3794351417254473,0
icmp,0.8650757406151354,4562,4273,4,2.7487011451362,1
tcp,1.4018859946804034,3275,3859,7,2.9911729146237285,0
tcp,0.7537386450901893,3299,2976,11,1.6223591791097562,0
udp,0.3157386897291451,2856,4140,11,3.5001651570572037,0
tcp,1.1879691052247747,5145,3755,5,2.6576250105188506,0
udp,1.0163670235430462,4447,4784,4,2.464546869333551,0
tcp,1.055638789795815,3020,1205,9,3.560615042108239,0
udp,1.1489101227913459,4393,5186,4,4.451463346668808,0
icmp,0.6486711534674061,3161,3382,11,2.7127696200865152,0
udp,1.3113150067902666,5015,4474,12,2.8284437003681138,0
udp,25.492123945253226,58455,237883,301,34.20659076190244,1
icmp,2.3977224383587594,3877,3487,10,2.5837498838909454,0
tcp,0.525477012630071,4948,4932,5,2.3480677390779463,0
udp,0.24254175746281081,3452,2509,4,2.3977674273680107,0
icmp,1.8265974711506037,2584,5271,10,2.8779575006067275,0
udp,0.9305527137577451,4320,3760,13,3.9473872614910914,0
udp,1.1385174467935828,3031,5316,11,3.136171911064297,0
tcp,1.11205829543634,5975,4802,7,1.3737622838845531,0
icmp,0.8388328792644614,4578,3947,3,1.5695978535374684,0
tcp,1.1585073937227048,5621,3039,6,2.0664589633144432,0
udp,1.180157345049253,4566,4427,11,2.698442388907765,0
udp,1.0219276651474911,4436,5305,8,2.8439041516129504,0
tcp,1.320036352093235,3245,4176,6,2.0312215192912007,0
tcp,1.0308915231191653,4003,5222,4,2.8542739496989924,0
udp,1.1939093661757563,3137,3916,4,1.8611823520985786,0
icmp,0.4723089285247682,4821,4429,6,2.469266572045072,1
icmp,0.8537208933433896,4101,5094,10,4.049091250344605,0
udp,0.1398179354777741,5488,5254,8,2.69336947286355,0
udp,0.28517206868697775,4851,2190,12,1.4649631109446408,0
tcp,0.5238017411855909,2854,3053,11,2.6324091847494997,0
udp,13.824390495427705,72670,217999,299,20.964306859186493,4
udp,1.9633817595734016,153105,230553,335,22.336386773788952,8
udp,2.1522811731792073,3688,4689,7,2.7678422983485476,0
icmp,9.746081016928429,249391,144204,231,29.547454077501598,12
udp,0.9016518886449679,1766,1800,5,2.895753259582209,0
tcp,0.713517190133147,3920,5240,7,4.82146226210112,0
udp,1.4595273474856554,2799,1846,7,2.3989464834255965,0
tcp,11.629224231127811,163631,165332,166,35.267777137528036,15
tcp,0.9618665327676218,2443,3432,11,3.0833455932229534,0
tcp,0.0,3525,5409,5,3.795662623953992,0
tcp,0.7078061937114019,4757,3254,7,2.2326904331852813,0
icmp,1.1276835257538522,5773,3813,7,2.038775532283441,0
udp,1.0504449767668445,2673,5368,4,3.6617570246813926,0
tcp,1.2175930244951538,3590,3758,6,2.4057302740288344,0
tcp,0.5220031493513353,3542,3471,9,2.6322736604081256,0
icmp,0.13669515852409686,938,2789,10,2.457099301362631,0
udp,1.1795311053515798,2161,5224,11,1.9807255691999806,0
udp,0.1205310003787573,1548,3243,6,1.8946738601687674,0
tcp,0.5918345887070225,4455,2991,9,2.9619340104008303,0
tcp,0.0,4427,4870,11,2.8836454607928617,0
udp,1.465235902415715,2796,1863,6,2.9343133075817267,0
udp,0.5824292856870177,5424,3162,7,3.1132383953575533,0
udp,0.0,4717,4746,7,2.791082035124922,0
tcp,0.7831464000668603,3157,4124,3,2.826430846543229,0
tcp,0.0,3111,3751,4,2.56695732928402,0
udp,0.021874421603523708,5120,3821,4,1.9351210527482834,0
icmp,0.45533305782194006,5799,3295,7,2.493522173615856,0
udp,0.6171458941266648,3680,4422,11,3.094069868921126,0
udp,0.453480322886365,4361,4060,12,2.0885926083574367,0
udp,2.094430301688492,464,1884,7,1.7961475611846716,0
tcp,0.0,3125,3325,12,1.5164331656334011,0
udp,0.8083487815357511,4340,4418,9,3.1461374206815607,0
udp,0.5197863032308725,3496,7744,5,3.103739374866892,0
tcp,1.2181795706346226,4486,5904,6,2.3484199642872166,0
tcp,0.10154559201586022,4722,4021,8,3.4591474135926323,0
tcp,0.794254993364618,1726,3056,10,2.3171842054310097,0
tcp,11.683494676917464,135103,178163,331,37.785516027436074,1
udp,3.457729461339923,120500,120950,228,20.292391846160076,12
icmp,0.8033736934029165,3826,3821,3,2.792562456426177,0
udp,0.015124447727297818,2742,4715,9,1.0180989304427923,0
tcp,0.13284447080731132,5122,3802,1,1.5360750183618497,0
icmp,0.7610602910927591,3586,6412,12,1.857048292455172,0
icmp,1.616818202092059,148340,153367,240,30.06721312959771,9
udp,0.11169808044375118,2174,4737,9,2.1367759524785095,0
tcp,0.4356632406390152,4227,3237,6,2.3085392726309473,0
icmp,0.2850761600461046,3757,1258,9,3.1703317659119357,0
udp,1.0205942166888045,4212,3617,8,3.0763840846388497,0
icmp,1.2714286839933775,2876,3054,5,2.1551420881485,0
tcp,0.47490632190301,3173,2085,4,2.454511383568513,0
udp,0.7072120858047871,4757,4993,6,1.706153782293104,0
udp,0.0,3789,3767,12,3.4166301331518074,0
icmp,0.8339235734444967,2999,4622,9,3.8500247584039915,0
icmp,1.0471361061716296,5558,4499,8,2.3299533058313107,0
udp,0.32621486036003233,56541,137221,257,29.12152682908001,7
icmp,0.7143057527279401,5667,2609,9,2.3652873585173015,0
tcp,0.7380371636588346,5606,4428,9,2.0604589713426558,0
udp,0.9861724770560585,4545,5077,3,1.7958497149680368,0
icmp,0.1734893776830071,2898,4945,7,2.1071835039645315,0
tcp,0.4756870295271955,3023,2133,7,2.8265006187044146,0
udp,1.4766049003225157,5156,3674,12,2.5704591894355353,0
udp,1.1766318231585977,4276,2030,5,2.3395938028385235,0
udp,6.135345585892193,146714,211380,368,22.795184953341188,5
tcp,0.045337291677301716,5655,3588,8,3.2876934291546887,0
icmp,0.9261369809598832,4414,4570,7,1.8433219020418017,0
udp,0.4705240186962864,4823,2342,10,3.4488520240907348,0
icmp,0.8316770875290149,4041,2554,6,2.7183079501557406,0
tcp,1.0172785469387287,5419,3313,7,2.8390421736609754,1
tcp,0.668387354162177,3060,1127,5,1.5568143253179103,0
icmp,1.2278946383354543,5669,3331,9,1.584175702883928,0
udp,11.488059786203083,29596,158147,279,26.37249767395679,11
udp,0.0,3406,3306,10,2.6049108925215205,0
tcp,1.0381007977255239,4607,3328,7,2.7979523712203482,0
udp,0.5546363992874723,3476,4001,6,2.2122883410334033,0
udp,0.6684156796958833,6769,4374,6,2.434567788229682,0
udp,0.0815775377227893,3029,3011,13,3.9889909157710117,0
udp,0.056346578785545165,3176,4445,13,3.090365679463656,0
tcp,0.9821184714111616,1786,5889,5,1.3768153195538062,0
udp,1.267167785779992,4636,4511,11,2.856561454287405,0
udp,1.334902552786113,2469,4247,6,1.8717607305915456,0
icmp,0.5140891413308133,4783,3850,7,1.9973686081729953,0
tcp,0.2268930710005197,4987,3215,4,3.053387993987416,0
icmp,1.4708214660978023,4057,4980,13,2.7463805993369372,0
tcp,1.4278794998193423,3554,6129,9,2.6279930245397254,0
icmp,0.7008611612002777,1607,5407,11,2.5356120925130146,0
icmp,0.2776029342995012,4772,4355,8,3.679017270508293,0
icmp,1.2582235210129442,6436,3076,13,3.528544146092136,0
icmp,0.6036176936560321,4733,2403,5,2.9932000741143336,0
icmp,0.024684878243203645,4856,3850,4,1.7300205631326464,0
icmp,0.0,4285,2534,7,2.658964150502062,0
icmp,0.0,3414,2921,9,2.7046606839110785,0
icmp,22.678480549870237,96016,177147,248,36.834255430895766,6
icmp,0.2521312898127901,6463,4406,8,1.8922501569010535,0
udp,1.362741062079261,6118,5009,7,2.611137538211923,0
udp,0.8744559713953587,3551,2557,10,3.615954670467503,0
udp,0.5204200627893393,2816,3137,11,1.855545889015703,0
udp,0.6680614859759089,2685,2445,7,2.6954748899712007,0
icmp,0.4762235309211402,4516,3475,10,1.9084157215265165,0
tcp,0.4083641589701004,5407,5566,8,2.288408393567037,0
icmp,1.1406504729257496,2566,3873,10,1.961520066347675,0
icmp,0.5626010802730617,4214,4519,10,1.8404289913426335,0
icmp,1.2535748072911723,4416,4555,10,3.122285565600806,0
icmp,0.0,4255,3377,11,3.5267417411888733,0
icmp,1.739482669395612,5353,4760,8,3.5292408681056466,0
udp,1.0946553465818731,2467,1924,8,2.1746729338261317,0
udp,0.8349525340911855,5891,3942,11,1.7221034352348712,0
icmp,0.13865514115535615,4558,3739,4,2.604841312381941,0
icmp,0.6784438739854017,7165,3883,6,2.884024265092864,0
udp,1.2605949106393899,3918,2219,9,2.569085141772103,0
icmp,0.0,5399,3335,7,2.4051301875848123,0
tcp,0.8677683621125222,5270,3827,7,2.8661040433492975,0
tcp,1.5475900449865279,3534,4190,1,3.6817996192911107,0
tcp,0.7560425373477682,5207,4126,11,2.5830025283715763,0
tcp,4.753103250525359,170532,98025,184,16.25061475000354,8
tcp,0.17100049195422273,3132,3206,9,2.3620371629688575,0
icmp,1.0976149920441183,4087,2832,9,2.099337072121631,0
icmp,1.3719381734608405,3176,2557,6,3.460575417637607,0
icmp,0.28679394521803425,2198,4575,11,2.0168414025021573,0
icmp,0.0,5278,3287,6,2.397344905984778,0
icmp,0.0012019130994304073,3947,2322,5,2.9371005911954926,0
tcp,6.198830361003412,84374,200972,232,41.54388881391853,7
icmp,1.1294082895765587,4013,3961,7,1.8795526801139153,0
icmp,0.43766154108442357,3789,2722,9,2.641083371080138,0
tcp,0.14165724942618085,5758,1499,9,2.6557499149727133,0
tcp,0.12319280352090511,4368,4512,9,2.6732240045251126,0
udp,1.8536620314579597,54002,220414,117,30.47293788553348,7
udp,16.259483657150547,236854,130614,137,29.0252524701559,12
udp,7.8204513989522475,104820,133713,204,30.895411862354646,12
udp,7.614607584351254,108648,204327,267,25.922891346149235,11
tcp,0.0,4869,3975,5,2.090875420493301,0
icmp,0.0,3629,2450,9,1.9201946544733546,0
tcp,1.312574009899645,5257,4505,6,2.6045208448612476,0
udp,0.5305951652012424,3274,1960,6,2.488422209354987,0
icmp,1.4074916465616938,5026,1939,10,2.8183287654778217,0
tcp,16.019699743797588,164333,185567,261,18.44066372112546,8
icmp,12.433300671544362,154061,55282,369,29.489598191124397,7
icmp,0.03445633551507776,4351,3482,1,2.9545150014996198,0
icmp,0.5584613182497338,3315,2165,6,2.968353023847617,0
tcp,0.42537311777426273,4593,3313,11,2.3060516574089487,0
icmp,0.0,5091,4340,7,2.197241946781152,0
udp,1.311952818592022,5660,5287,7,1.3549426504604238,0
udp,0.056096878344458534,3167,3140,6,2.696893246271184,0
tcp,1.6701741016809728,5139,4200,15,2.1334074880008695,0
icmp,1.9359668943074908,2450,3599,6,2.2449045778572367,0
udp,0.7500579238071343,3432,4164,13,2.0926699416203784,0
tcp,1.094190878312682,4387,5099,4,2.9952674521472344,0
icmp,0.0,5331,3255,10,2.489326566200628,0
udp,0.9448752867640058,3040,4153,2,3.2548141159855586,0
udp,0.5113729661048069,3022,4460,9,3.5212011009640665,0
udp,0.0,2222,3419,2,1.687858418026519,0
icmp,0.6032913759350874,4001,3040,14,2.2759634141380416,0
tcp,0.47863961021183093,5905,4070,4,2.722982506387209,0
icmp,1.8469328940028567,3776,3917,11,0.8104875244793579,0
udp,0.6592763623509202,3293,5047,7,2.215284344221547,0
icmp,1.3197347409372604,3131,3751,8,3.1323029630390535,0
tcp,1.1085363501674774,4036,4842,12,1.3188118387000363,0
udp,1.1367422092321482,3173,4494,8,3.152927996107379,0
udp,0.24986660247995773,1033,3284,5,1.2111482135344653,0
icmp,0.2845682622519864,4493,4832,6,2.843237630663817,0
icmp,0.5296893904942483,5322,5153,3,2.5604599263088863,0
icmp,0.993659331795123,5728,2442,2,2.2263323454842836,0
icmp,0.1940003502058456,3315,2378,8,2.7577100195166273,0
icmp,11.560370472872048,121391,142294,226,18.531920512262808,11
udp,1.1261433469019544,2931,3941,8,1.652522497021756,0
tcp,0.0,4947,3888,7,3.4535356967604214,0
udp,1.5265874588883857,4097,4081,8,2.256778431376855,0
icmp,1.1456348337896012,4411,4626,6,3.1746902745603798,0
tcp,1.2862188146481774,3820,2763,7,2.700986632114093,0
tcp,0.9800194631830627,3808,2598,8,2.9320005275645333,0
icmp,1.4235982291620641,4037,5055,6,1.2965785765027382,0
udp,0.3490038818254584,4859,3880,9,3.2755021662244794,0
tcp,0.2791809460279897,5190,2818,6,3.082588507516735,0
udp,0.4123333471781596,3519,4706,6,3.0664767563653217,0
tcp,0.9576982880241229,4524,5061,10,2.420684395145156,0
tcp,0.9827815970514112,3592,4845,8,2.39767861798349,0
udp,1.1525791345261533,5217,4573,6,2.1795079491140124,0
tcp,0.8445297914872247,4092,3874,7,2.9150620526579845,0
icmp,1.3138360030112708,5678,5415,9,2.642877724212718,0
tcp,0.34205512052836906,5009,3920,10,3.5999168704484346,0
tcp,1.3923611539968663,4279,2414,8,2.5031004518345537,0
icmp,0.7282951055696061,4380,2465,8,2.245664897900239,0
icmp,1.9585438792566527,4317,5788,10,2.4203399995037223,0
udp,0.8845014253028918,5786,5104,5,1.391615180533937,0
udp,1.4455690139187163,4294,3161,8,1.8003088639929206,0
tcp,12.58246864437999,220587,96132,267,17.254548711873323,7
icmp,1.1021988643751892,3625,5125,4,1.9890112120623842,0
udp,0.4109775556153728,5525,4856,7,3.566720930988949,0
icmp,0.4376720943088881,6092,3606,4,3.19671810707176,0
icmp,0.9091027235907749,3184,3172,7,2.2328249283543213,0
icmp,1.43467030194269,2684,2192,9,3.286379387257807,0
icmp,0.09621352134799566,4696,5245,10,2.5940429822185576,0
tcp,14.346099440106324,128069,84047,299,41.29621013892455,9
udp,0.43705211969937274,4510,2036,4,2.0831997526072,0
udp,1.1699092814066683,3450,2418,4,2.9224697407090363,0
tcp,0.5374154109104408,5387,2804,12,2.2909085322023226,0
tcp,13.840755944456301,113469,160813,248,25.902249052822985,1
udp,0.13671074527504135,3672,4320,11,2.7154548171728363,0
udp,0.005608419476047288,5050,4233,3,3.7686263525711494,0
tcp,0.25162396190786196,2514,4147,9,1.6523491996250899,0
tcp,0.7566293196595417,5306,2658,12,2.809274857682758,0
udp,0.26304044172539454,4859,3335,3,2.796546073610874,0
udp,0.34432692579388835,4520,3127,4,1.8793175030834917,0
tcp,1.557714603396238,3788,2477,11,2.772912905221255,0
icmp,0.9237929289475305,5785,2966,5,3.142201612865101,0
tcp,1.2589610407344374,3656,3992,5,3.401822235063286,0
tcp,1.029598357693033,3244,4662,6,2.5528360600014715,0
udp,0.2526810491336069,1861,4393,6,1.7188006179189563,0
icmp,0.779302287077305,6151,4000,7,1.1549064385246346,0
udp,0.8350261466841888,4629,2955,11,3.0300969826772155,0
icmp,0.9322231269020741,2584,3987,10,3.7360031273230394,0
